term,rank
aa,0.24431298527186715
aameen,0.5703712830256155
aamiin,0.4157349946059687
aaron,0.48080953171696555
aas,0.5224349184966953
abandoned,0.2986149520944295
abandoning,0.29735826156688205
abducted,0.2297303416494701
abdul,0.37915187123809363
abdullah,0.3163378834152896
abdulwasiu,0.232871457409767
abeokuta,0.232871457409767
ability,0.23411412717805652
able,1.0491335841828378
abode,0.28720398189078017
abraj,0.37162040919274403
absolutely,0.47380905997540257
abstaining,0.24351934656262283
abu,1.056652160255883
abuja,0.25860612425727847
abundance,0.46689792012212894
abundant,0.2520799698303278
abuse,0.33387911031676615
abusing,0.3388161104440546
accept,3.189831615232776
acceptable,0.22993538353745382
accepted,0.8309132887425568
accepts,0.7422161669035026
access,0.40386277366905965
accident,0.21365466920916584
accidentally,0.5175342064343351
accidents,0.2347352647178607
accommodating,0.3477849312858239
according,0.7460323853057775
account,0.7125969340366247
accounts,1.0253949908894624
accurate,0.25229148499550197
aches,0.5846317882675479
achieving,0.34336895396203276
acknowledge,0.23406096075272428
across,1.3724035653875637
act,1.3896161046936173
action,0.9684780917734801
actions,0.5814977501309385
activist,0.20612426654536045
activists,0.532951335989664
activities,0.5415290429281875
activity,0.2385875405304047
acts,0.9489308359100252
actual,0.2069676281341884
actually,0.6118104022536017
adan,0.43500794690931227
additionally,0.6294309531291614
addressing,0.3414348310361223
adept,0.2664146651656631
adhan,0.24254515529610984
adhkar,0.568934564011776
admin,1.3653644766071562
administration,0.25492443198798515
admits,0.6115946698662151
adorned,0.26828397255236275
advantage,0.530582089080599
advent,0.2370093912648143
advised,0.26081436753627735
af,0.4575582868350294
affected,0.5458812815367957
affecting,0.29507431504500836
affirms,0.2378446762372436
afflicted,0.2353705811087763
affliction,0.2353705811087763
afford,0.26808647431596144
afghan,0.4043587827523335
afghanistan,0.634757227761106
afiyah,0.3441236807147917
africa,0.2284381922945404
afternoon,0.8537789733353958
age,0.2313950116856674
ago,0.8521848249083981
agony,0.2662593094436678
agree,0.6358285585618155
agrees,0.2489688743972713
ah,0.6040232417959008
ahead,1.0165479783901739
ahlulbayt,0.24535141135968083
ahmed,0.6378268527936658
aid,1.9650831712617447
ailing,0.24068776925014437
aim,0.22646074789812773
aims,0.22495901542950328
air,0.47088866967208465
ajmer,0.432598880346445
ajru,0.24431298527186715
akbar,0.4255950050398586
akpabio,0.17613030025235107
al,4.652035274161777
alaikum,0.5061191551519728
alaqsamosque,2.1575408090100208
albanese,0.3334877652202401
alcohol,0.4858482754771778
alex,1.2798924464087422
alfas,0.4792831813868511
algerian,0.42313481413274856
alhamdulilah,0.4710668198882449
alhamdulillah,1.8135821931609781
ali,0.2163331473632883
align,0.20517059468065071
alive,0.29156787628594794
all,0.4631724146170353
allaah,0.24431298527186715
allah,15.52525748803466
allahu,0.604435739495953
allahuma,0.3441236807147917
allahumma,0.4267000639751019
allahummaballighnaramadhan,0.6124326234974785
alleviate,0.379037230918458
allies,0.23678047176726422
allow,2.9223928815804627
allowed,2.023397828487516
allowing,0.29860192827945226
almighty,1.051661026519265
almog,0.3220305034657587
almost,0.8232592302286859
alone,0.8535331429808763
already,0.7795762312163592
also,0.66894185911328
altaf,0.26117470974307283
alukal,0.3441236807147917
always,1.6831709515529114
alwaysbelieve,0.34544451031209616
aman,0.3103952311870889
amazing,2.0137891341901937
ambassador,0.48003590527850926
ameen,4.854121087470293
america,0.7870705291743327
american,0.42790792037705794
americans,0.25492443198798515
amid,0.8321493769506298
amidst,0.5748277729837881
amin,0.4366361847687518
amir,0.19914789647986197
amo,0.36840754214586374
among,2.651113604042875
amongst,0.3989376706314933
an,1.8427699691748236
anakalaev,0.2664146651656631
anarkali,0.23854305127361616
and,0.25957341190442096
andrew,0.962537099176491
anic,0.48389441622800466
ankalaev,1.623072368516142
ankalev,0.46469467912684265
announce,0.26029183698912195
announced,0.48846545159046634
announcing,0.9913930937209783
annoying,0.29751045781158425
annual,0.40798883924105334
anon,0.4788065168560275
another,1.1944097374584217
ansu,0.3484062434110575
answer,1.6569659538631065
answered,1.315061161002
anthony,0.3334877652202401
antigerman,0.24345550829177
anwar,0.24353741819821997
anymore,0.5215185985878734
anyone,1.5779302386367575
anything,1.4136452954394005
apg,0.2660933005637399
apologise,0.21856876689347965
apostasy,0.4338365342833333
apparently,0.37187285672963577
appeal,0.650130626921581
applications,0.46379334685149326
apply,0.23678047176726422
appreciate,0.31050104643487364
approaches,0.46318762913889483
approval,0.29853395628300444
approved,0.46379334685149326
approves,0.4141135212251668
apres,0.21856876689347965
april,0.5288321976993038
aqsa,2.7269376056708143
ar,0.7241805835964762
arab,0.7908385093195454
arabia,1.7224234118830455
arabic,0.7850642755304941
arabs,0.8496376828980449
area,1.0264421557531698
arfa,0.2114370531546291
argues,0.3084862202786726
argument,0.3084862202786726
armed,0.3476804245345951
arms,0.2671272962125005
army,0.26117470974307283
aroma,0.3084862202786726
around,7.762216172205725
arrangements,0.2069676281341884
arrest,0.2544900641868439
arrested,1.010065227640517
arrests,0.518982073136989
arrival,0.5659044283006096
arrivals,0.2188634602602519
arrived,0.6487694472772736
arrives,0.759921440392347
arsenal,0.7416476826612681
art,0.3946534929945202
artist,0.2370093912648143
as,1.3733128630300238
asalamualaikum,0.3939204164208663
ash,0.7168369573642316
ashamed,0.43748224459925356
ashenden,0.2489688743972713
ashras,0.7383672882040558
asif,0.22116189754114576
asim,0.4746473961677099
ask,0.2528013183236543
asked,0.5285100239490788
asking,1.3460187438730542
asleep,0.3634238209615818
aspect,0.343106164811651
aspirations,0.2488409937235753
asr,0.41307812234928093
ass,0.45062385503826935
assalam,0.41388932252918226
assalamu,0.2397680987595719
assalamualaikum,0.5590864007617213
assalamualaykum,0.5115864250641851
assault,0.24178904325731915
assist,0.43500794690931227
assists,0.25229148499550197
associates,0.2768592919819668
association,1.4773219333005745
assured,0.3200608536197431
astronomer,0.3163378834152896
astronomically,0.3163378834152896
ate,0.4299483390910292
atheist,0.2528013183236543
atmosphere,0.9744587754305627
attack,1.198657823983731
attacked,0.23420882122360076
attacks,1.1699320604198764
attempted,0.2572971617582852
attend,0.6861978452004354
attended,0.649807308454874
audience,0.3234706446960289
aurangzeb,0.4299483390910292
australia,0.33799088310094294
authorities,0.25265247419742054
authority,0.29340482514230687
available,0.8242394123750144
average,0.25537634471446546
avoid,0.6874189782024964
await,0.49349501295208825
awaited,0.8219997232725746
awake,0.3634238209615818
aware,0.43720036653349087
awareness,0.22321624538323476
away,1.765905002654639
awe,0.5752884738290456
awsaf,0.2138999703989496
ayatollah,0.2163331473632883
aza,0.40168454937259207
baap,0.2069676281341884
babydoge,0.34172200315413415
back,3.232428975192665
backslide,0.2506024764095253
bacon,1.3382240657339082
bad,1.3461470893109229
bait,0.37162040919274403
ballighna,0.4267000639751019
bamyan,0.19914789647986197
ban,0.29215684140546067
band,0.19914789647986197
bandage,0.25229148499550197
bangladesh,0.8127605638885735
bank,0.8228230610900142
banned,0.46299493600344016
banner,0.463591002513144
banquet,0.3000844704501493
banquets,0.27111706867594054
bans,0.2720360970795886
barcelona,0.3484062434110575
barkat,0.5470148008511093
barkley,0.3178810576844378
barricades,0.22672250795692261
bars,0.21383670555774228
barzakh,0.26505090498513945
basketball,0.5694122512512614
bats,0.2560637750513744
battery,0.22849656868590407
battle,0.4779065264276178
bauchi,0.6950513820040479
bayern,0.48248000197951996
beams,0.37162040919274403
beat,0.22646074789812773
beaten,0.5851612589899876
beating,0.37620437164472975
beautiful,3.4343340853185618
beautifully,0.24353741819821997
beauty,0.8812192686485337
became,0.2209766040238891
become,1.2989059588821859
becomes,0.20612426654536045
becoming,0.38631555550846647
bed,0.24975757823995787
befell,0.4236258243462092
beg,0.22993538353745382
began,0.2768351331491872
begged,0.21988425565720338
begging,0.22993538353745382
begin,1.2443831573467743
beginning,1.477171301770391
beginnings,1.2857693939099206
begins,0.8546259943991099
behalf,0.29404457970923903
behind,0.7661138968110146
beijing,0.3894875239030891
being,0.268338718022807
beit,0.3780607895020218
belgian,0.34117610545542815
belief,0.2488409937235753
believe,0.8942833370762444
believed,0.24722219756937763
believer,0.4530219861025051
believers,0.2353705811087763
beloved,0.2163331473632883
beneficial,0.43011103805184087
beneficiaries,0.750373488983335
benefit,0.2834892517543268
benfica,0.6094222358130835
benzema,0.955828219511988
berates,0.37187285672963577
bergoglian,0.2986149520944295
best,5.494308328086315
better,2.5628557203230415
beyond,1.5787490485743527
bhatiya,0.21856876689347965
big,1.772133689023314
biggest,0.3091450941858589
billion,0.454565115550191
bills,0.24068776925014437
binance,0.4194305439987385
bio,0.25851491814190297
biosciences,0.23242373122269475
bird,0.20612426654536045
birds,0.28568810704600117
birmingham,1.7356985463133665
birthday,0.46866261404914467
bishops,0.8545921715888883
bite,0.397531754132183
bjp,0.2069676281341884
black,0.5805890244621725
blaming,0.3571990051176575
bless,2.1248374153352176
blessed,11.087944679511372
blessing,0.4829494534348818
blessings,5.5844319314645405
bliss,0.3040247460409133
blockade,0.2543260048765284
blocked,0.49082124625804796
blocking,0.23678047176726422
blocks,0.22940904600393755
blooming,0.5052865683593303
blooms,0.5052865683593303
blossoming,0.41855608093615876
blt,0.3388161104440546
blum,0.2945735399379355
blumfamily,0.2945735399379355
bmw,0.2293112026921121
bnbchain,0.662725293901549
board,0.3724599796606702
boarding,0.35714137054712286
boat,0.2188634602602519
bodies,0.7553814837771069
body,1.1824459281852575
bola,0.8824357933568374
bold,0.20517059468065071
bombed,0.7173462296073221
bombing,0.9027282722172746
bonds,0.2513767433880358
bong,0.2843910654220557
boo,0.3760484135457803
books,0.25174111447320063
born,0.23580713078984286
boss,0.2603923319258384
bother,0.31745378095148935
bots,0.3876762042963867
boundary,0.36945139364636
box,0.4326042571014824
boxes,0.35714137054712286
boy,0.5516069968091089
boycott,0.34948115346532616
br,0.3158013660691427
brain,0.2209766040238891
brawl,1.277686430862386
bread,0.4991192745644225
break,5.059012324459234
breakfast,1.3078786940151532
breakfasting,0.7236467766490569
breaking,4.925538238888281
breaks,1.8152411253142122
breakthroughs,0.23242373122269475
breathtaking,0.38373804299097547
brigades,0.25740046105846115
bring,5.2579240068123685
bringing,0.2407289308836292
brings,0.7140984773192516
britain,2.199169823552788
britains,0.6967830348485706
british,2.119075728943147
britons,0.27759323877556935
broke,1.885560387418692
broken,1.2661174838982734
brother,0.2163331473632883
brothers,4.761506827341797
brown,0.24843188774914043
browser,0.2741321882772402
brutal,0.5858706278318864
brutally,0.6784451474736353
bubble,0.24410664865852608
bucket,0.3159902777773215
buddhists,0.2297303416494701
buff,0.47852336535525325
build,1.0910629196690773
builders,0.662725293901549
building,1.327224179202186
built,0.3922479289286652
bunch,0.29751045781158425
bundle,0.43715524484544716
burdens,0.44039795240947566
burna,0.17613030025235107
burning,0.25852078123204436
burnout,0.31709703991571625
burqa,0.22993538353745382
bury,0.24721600274474528
bus,1.4761631051604502
bushnell,0.48080953171696555
business,0.5600677582577283
businessman,0.38133292095371774
busy,0.92548044559673
butcher,0.24249497739232795
buying,0.26808647431596144
caf,0.7786068043277157
cairo,0.29404457970923903
cal,0.2831238289275825
calamity,0.2353705811087763
calendar,0.7263002843796634
call,1.5869007865557192
called,1.8672795377340283
calling,0.6480276864319464
calls,0.4746629275302584
came,1.6247373499164908
camel,0.24454926031480026
camera,0.17613030025235107
cameras,0.22044694248904095
camp,1.0161268565839885
campaign,0.8183058344874805
can,0.8994081325412095
canada,1.0997115662953822
canadian,0.2801784969665349
canadians,0.24132947939668956
canberra,0.2956114275546375
cancers,0.268338718022807
cannot,0.516324978081304
cant,0.604821742245929
capital,0.6585824299131122
caption,0.2571464839378181
car,0.2293112026921121
card,0.21988425565720338
cardboard,0.4326042571014824
cardinal,0.24651411043806384
cardinals,0.3091450941858589
cards,0.26026372258740615
care,2.130487720835486
cared,0.4059196481016118
careforgaza,0.3098171164662582
caring,0.23303442576557712
carnival,0.24345550829177
carpets,0.8257676119424686
carried,0.3045229774300711
carry,0.2572971617582852
cash,0.5039614354808813
castle,5.915469925132347
cat,1.0421645402340116
catastrophic,0.30270201471662256
catholic,0.9610250896849912
catholics,0.545442401106544
cats,0.3442186229888043
caught,0.7441813845024048
cause,0.2530151178950663
caused,0.559498154913071
causing,0.20907283474354071
caution,0.3159902777773215
ceasefire,1.0690175668014603
celebrate,6.661265337249085
celebrated,0.5122202947932211
celebrates,0.9835518843598909
celebrating,6.254546542186523
celebration,2.682024948095021
celebrations,1.0456469493729552
celebratory,0.26828397255236275
central,1.3925657835158567
ceremonial,0.32627195488993826
ceremony,0.5325006604821554
chained,0.3823327967187987
chairman,0.24787166573472325
challenge,0.8455824438198889
challenges,0.29115155704092505
challenging,0.22321624538323476
championship,0.46469467912684265
championstrophy,0.5727475049680031
chance,2.182472771531555
change,3.254833582743382
changed,0.2780674256563369
changes,0.6166988120072019
changing,0.9602732595231209
channel,0.2848565752000114
chanting,0.2843910654220557
chants,0.24254515529610984
chaotic,0.20907283474354071
chapter,0.6727791771822862
charity,1.1449307571780456
charles,4.123414258414457
chase,0.3161620281662116
chat,0.2573789412416889
chauth,0.24731221427846053
chechen,0.8064594485473542
check,1.1446498920350292
checkpoint,0.25265247419742054
chelsea,0.5434443811908551
cherish,0.343106164811651
cherished,0.34299006659731557
chest,0.37915187123809363
chicken,0.6459131227953416
chief,0.26117470974307283
child,0.9765750695794427
children,2.454855201205564
china,0.6234055219575948
chinese,0.25396546933413633
choice,0.49136411820770265
choked,0.34570694798036716
choose,0.33244513310445334
chop,0.5144761543658203
christ,1.170230586471966
christian,3.0414193321395895
christians,3.0748683807778336
christmas,0.7947416744668555
chronicles,0.9893998915819537
church,0.9861040274887528
churches,0.2555640881743844
circus,0.5572290429459597
cities,0.4389109487857948
city,3.817100316460866
civil,0.43224777293988936
civilians,0.22940904600393755
civilisation,0.2528013183236543
clad,0.22993538353745382
claim,0.4643571171060227
claiming,0.5132894951137382
claims,0.2489688743972713
clashes,0.21799806111632347
cleanse,1.1092781713353743
cleansing,0.43937166259878896
clear,0.7505734693673068
clears,0.24068776925014437
climbs,0.4691167529873129
clock,0.8306810920702496
close,1.6206156254763942
closed,0.8722302775008497
closeness,0.25957341190442096
closer,0.7366166602592483
closing,0.34328105353816996
closure,1.2392176332741727
closures,0.7882165923289141
clothing,0.526596010971566
club,0.5434443811908551
clubs,0.3760484135457803
co,0.22849656868590407
coffee,0.47586883365488764
cohen,0.3220305034657587
cold,0.3707640751828846
collaboration,0.22052033241816368
colleagues,0.25251089602640703
collections,0.2407289308836292
collective,0.4572536106802467
cologne,0.3922479289286652
colour,0.23303442576557712
columbia,0.22672250795692261
combined,0.22849656868590407
come,3.701712837232998
comeonnn,0.6146591265545049
comes,1.2756555691851597
comfort,0.25174111447320063
comforting,0.26505090498513945
coming,0.7920764583474695
commencement,0.37162040919274403
comment,1.4558688071696404
comments,0.5025261143439466
commissioner,0.3479510684153614
commitment,0.22476017959807565
committed,0.4392346915213863
common,0.7011754502691288
commonwealth,0.48545001988436426
communal,0.9419104717774449
communication,0.22052033241816368
communities,1.4360539559880539
community,1.6076573104546446
companions,0.2565256203402438
company,0.5872022258712055
compared,0.45601603298032356
compassion,1.088918203911609
compete,0.274244121582194
competition,0.5177281113515189
complain,0.6860423187802234
complete,0.9435113517604721
completes,0.38001025262478594
completion,0.2353705811087763
compliance,0.25251089602640703
compound,0.4078864208355106
concern,0.7344896474047551
concessions,0.32250157667691876
condition,0.26081436753627735
conditions,0.22940904600393755
conducting,0.24109817929925972
conference,0.24343746892694512
confidence,0.2834892517543268
confident,0.24975757823995787
confirmed,0.496291875461948
confirms,0.6496145333838199
conflict,0.9942495377355229
congratulate,0.25740046105846115
congress,0.5280474971014106
connection,0.5726998558509518
conquer,0.22646074789812773
conquered,0.2972976864671445
consider,0.25851491814190297
considerate,0.3703185045841615
considered,0.5563846212093224
consistency,0.25860612425727847
consistent,0.25427593284560013
constant,0.2905932650883888
consumption,0.22849656868590407
contemporary,0.2530151178950663
content,0.606181568181838
contents,0.24353741819821997
context,0.2660933005637399
continental,0.22849656868590407
continue,2.575778456244708
continued,0.4872585935758782
continues,0.5370901775858989
continuing,0.29735826156688205
continuous,0.2602393475012715
contracting,0.2827785046846285
contribute,0.24040884984964236
control,0.23472115035138558
conversations,0.21988425565720338
converted,1.3719128977241453
converting,0.38001025262478594
cooked,0.5850310672643096
coolness,0.3040247460409133
cope,0.599868101503901
copenhagen,0.2829241759727834
core,0.47584326430058177
corner,0.49019970272293345
cost,0.24353741819821997
could,1.44632736417491
council,0.5989201407801906
countdown,0.26026372258740615
counter,0.2829241759727834
countless,1.4687334499427205
countries,0.5539973999581174
country,2.271227223604425
couple,0.2910703410340458
courage,0.20850406329994584
course,0.7831196568994855
court,0.17613030025235107
cousinfuckers,0.2209766040238891
coventry,0.26828397255236275
covered,0.34495799179920544
covers,0.4461444879228105
cowering,0.22044694248904095
cracking,0.2671272962125005
create,0.26325985899415383
created,1.0940536783335928
creates,0.3103952311870889
creating,0.20907283474354071
creativity,0.21856876689347965
creator,0.24471018689233734
creed,0.23303442576557712
crescent,1.9465460093334856
crickets,0.2438013674593605
crime,0.24843188774914043
crimes,0.4516587950419083
criminals,0.22646074789812773
crisis,0.3207442466709637
criterion,0.30669954513647696
criticism,0.2543260048765284
criticized,0.4586947285104768
critics,0.24345550829177
critique,0.25537634471446546
crore,0.24109817929925972
crosses,0.25229148499550197
crossings,0.5504477000103278
crowd,1.1765391178218416
crown,0.3926020173920278
crowned,0.267275527162969
crusades,0.45332461047438755
crying,0.2514792167746557
cult,0.6553958716597501
culture,0.8645179272298961
cup,0.3672483365527058
curb,0.20517059468065071
currently,0.354036564379728
custodian,0.29853395628300444
custody,0.2602671673793154
customers,0.35714137054712286
cute,0.730511205236446
cutting,0.41577813312197126
cycle,0.22849656868590407
dad,0.23303442576557712
dahamsha,0.25952759796941444
dahman,0.2370093912648143
daily,1.7568768981656344
dairy,0.24454926031480026
dan,0.3823327967187987
dances,0.2319147985093886
daqqa,0.25098464954715405
dargah,0.432598880346445
dates,2.27950619079193
david,0.2550616714859819
dawaki,0.25860612425727847
dawn,0.3597594754880794
dawut,0.25396546933413633
day,13.240671115663893
daylight,0.8192074272336256
days,4.341190218194523
daytime,0.3167490551357407
dazt,0.43284328362004754
dc,0.7629031953225389
de,0.3876762042963867
dead,0.9399113604940318
deadly,0.21365466920916584
deafening,0.2438013674593605
deal,0.6422629952349108
dear,1.6371850957001755
dearest,0.4370267035477193
death,0.2603196068183918
deceived,0.2726282335299185
decision,0.4486263120638755
decisive,0.29340482514230687
deck,0.28568810704600117
decorate,0.939321947995031
decorated,0.40693236372694847
decorates,0.41416944371987424
decorating,0.2370093912648143
decorations,1.991129206026213
decrease,0.5021062101171985
dedication,0.23242373122269475
deed,0.8179872619269803
deeds,0.8905435730316773
deen,0.3813461721831039
deeper,0.22362555532629494
deeply,0.9953991393369686
defeated,0.478583188177498
defeating,0.3533673063984035
defence,0.22052033241816368
defender,0.9600728802133627
defending,0.2555640881743844
defense,0.2565256203402438
defiance,0.40156203327006657
define,0.43725169619751214
delighted,0.27547226038499006
deliver,0.2751404488821601
delivered,0.5303239048248666
delivering,0.7008622487563368
demand,0.25274601215332015
demands,0.301910267307982
dembele,0.5752884738290456
democracy,0.24345550829177
demonstrated,0.24068776925014437
demonstration,0.2829241759727834
denied,0.2378446762372436
denmark,0.2829241759727834
department,0.2510087288454476
deplorable,0.22568227486865758
deposit,0.27703681866425667
depressed,0.2209766040238891
deprived,0.21383670555774228
des,0.39828308298657017
descended,0.22568227486865758
describe,0.47088866967208465
describing,0.24343746892694512
designed,0.24353741819821997
designers,0.21856876689347965
desire,0.21856876689347965
desperate,0.22940904600393755
despite,3.903817362286144
destroyed,3.190886469508696
destruction,1.0955943745935415
detail,0.25348628635724724
details,0.2520799698303278
detained,0.22116189754114576
detainee,0.4758540472918098
detainees,0.21383670555774228
detainment,0.22672250795692261
detect,0.22646074789812773
detected,0.25396546933413633
detention,0.21383670555774228
determination,0.20850406329994584
determined,0.39422557724897334
detox,0.22476017959807565
devastation,0.39487089391749264
developers,0.2407289308836292
development,0.2827785046846285
develops,0.25852078123204436
devotees,0.24109817929925972
devotion,1.1300028035759415
devs,0.2407289308836292
dhabi,0.4775509930164174
dhahaba,0.24431298527186715
dhama,0.24431298527186715
dhikr,0.488720158649101
diabolical,0.586248757177541
dictatorship,0.507183288671595
die,0.2347352647178607
died,0.43939475493979385
dies,0.2602671673793154
diet,0.3484062434110575
difference,0.8753445232030517
different,0.6808071069919084
difficult,1.0632912929494505
difficulties,0.4418736741090902
dima,0.2741321882772402
dinner,0.8282807513466408
dinners,0.23854305127361616
diplomatic,0.2956114275546375
directive,0.24330412549633507
directives,0.301910267307982
directly,0.2708913606048732
disaster,0.25851491814190297
discharged,0.22849656868590407
discipline,1.1592036045669905
disclosure,0.22646074789812773
discourse,0.36037863455868085
discreetly,0.3703185045841615
discretion,0.26081436753627735
discriminate,0.31745378095148935
discussed,0.8432629498241223
disgraced,0.23806025341488443
disgusting,0.2319147985093886
disobeying,0.2565256203402438
displaced,0.30606817947057674
display,0.7073573038807429
displayed,0.22362555532629494
dispute,0.22282782332399273
disrupting,0.3084862202786726
distance,0.37113247902269253
distractions,0.5170619024562666
distress,0.20907283474354071
distributed,0.9986114505301822
distribution,0.700899687767347
district,0.2297303416494701
divine,0.33682226149356936
divulge,0.22646074789812773
dm,0.8734950841407502
dominance,0.23472115035138558
donald,0.2555640881743844
donate,2.4048276567225906
donated,0.22495901542950328
donatetoskmch,0.749939285827775
donating,0.25851491814190297
donation,0.5033006890646142
donations,0.3069835627753412
done,1.1749549324837312
doors,0.9105251718857714
dos,0.2407289308836292
double,0.2831238289275825
doubles,0.43917825008646055
doubt,0.26325985899415383
dozen,0.2297303416494701
dr,0.6079505182009198
dragging,0.4722243926756011
dramatic,0.45062385503826935
dramatically,0.22940904600393755
draw,0.2846421723781551
drawing,0.2513767433880358
drawn,0.22044694248904095
drbilalphilips,0.5625476541507266
dreamed,0.25098464954715405
dreamies,0.606181568181838
dreams,0.4059052277683755
dried,0.268264441285239
drink,1.468511574514058
drinking,0.3724599796606702
drinks,0.523734142665089
drive,0.4401280148141006
driven,0.6502503598731677
driver,0.2293112026921121
drone,0.3033918288892095
drones,0.45435623356187377
drop,0.2520799698303278
drove,0.2293112026921121
drug,0.24132947939668956
drum,0.2160296999677017
druze,0.4722243926756011
du,4.390584344445809
dua,4.669338902100556
duas,3.3456410259978786
dubai,0.25242481938964284
dubbed,0.2848565752000114
due,1.1196565189473657
dugurawa,0.24787166573472325
dumb,0.3234706446960289
durk,0.2708913606048732
duterte,0.23434372583150764
duty,0.2455588769663102
eagerly,0.630935157919501
earlier,0.4713484277342196
earth,1.4885292022809844
ease,1.0293677026862906
easily,0.27306065740938407
east,1.6891468162129473
easter,0.3000844704501493
easy,1.5888551535642512
eat,3.288317636038167
eaten,0.2830490666494898
eating,3.7802217833893126
edenroc,0.23242373122269475
edide,0.2160296999677017
editions,0.29853395628300444
education,0.24343746892694512
edward,0.23242373122269475
effective,0.8897626188599193
effectively,0.22321624538323476
effort,0.5838102937786787
efforts,0.7873264750591737
egg,1.0290296225745028
ego,0.3505930303522866
egypt,0.7236467766490569
egyptians,0.6353804757511495
eid,0.43079222654561544
electrical,0.22849656868590407
elevates,0.3505930303522866
elevator,0.3045229774300711
eleven,0.24410664865852608
elizabeth,0.3351580951851462
else,0.974168805967032
embark,0.2326200762367099
embassy,1.1046890493541868
embrace,0.725781785313267
emergency,0.6861011545647566
emerging,0.22940904600393755
emir,0.5669704233195704
emirates,0.606647581871708
emmanuelolufemi,0.3703185045841615
emotional,0.5596138581530826
empathy,0.45101528346288133
employing,0.2720360970795886
emptier,0.6299938679941225
empty,1.2579577949016758
enable,0.22282782332399273
encampments,0.2438013674593605
end,1.8106205836718274
ended,0.24410664865852608
ending,0.3155673782855596
endings,0.39422557724897334
endless,0.3939204164208663
ends,0.5583226150142124
endure,0.21383670555774228
endured,0.2751404488821601
enemies,0.2528013183236543
enforced,0.29215684140546067
enforcement,0.22362555532629494
engage,0.23411412717805652
engagement,0.6613482287370696
engaging,0.2905932650883888
england,2.434821449917399
english,0.3414348310361223
enhancing,0.268338718022807
enjoy,0.5354484098399293
enjoyed,0.4388100656608674
enjoying,0.8327932442138861
enlightenment,0.2846421723781551
enough,1.2088341783954613
enriching,0.2843910654220557
ensure,0.483784592125148
ensures,0.24040884984964236
ensuring,0.483349493941591
enter,1.137463873543716
entered,0.2780674256563369
entering,1.1465330855181606
entertained,0.2319147985093886
entire,1.5359470542999525
entry,0.6464554506328384
environmentalist,0.20612426654536045
episodes,0.2848565752000114
equal,0.4567977652419394
equality,0.34336895396203276
equally,0.23678047176726422
equip,0.2397680987595719
equivalent,0.4338365342833333
erupted,0.22672250795692261
erupts,0.2560637750513744
es,0.2702496334502814
escort,0.19914789647986197
especially,1.2256618307446874
essay,0.3334877652202401
essential,0.2397680987595719
essentials,0.2738356366721088
etc,0.2662593094436678
europe,1.0714981791999694
european,0.47844476785167556
even,3.8785038182500404
evening,2.253227779608854
event,3.482957120155453
events,0.24353741819821997
ever,3.929125784118362
every,6.121319598805768
everybody,0.41388932252918226
everyday,0.26026372258740615
everyone,9.860932864423997
everything,2.0791243239309805
everywhere,0.5638279758542877
evil,0.25952759796941444
evolving,0.3876762042963867
ewing,0.3178810576844378
example,0.4629191305680229
excellent,0.22052033241816368
except,0.2823246317465527
exceptional,0.24454926031480026
exchanged,0.23242373122269475
excited,0.3992878021323194
excitement,0.2188634602602519
exciting,0.29115155704092505
exclusive,0.48793121985453214
excuses,0.46075578134340284
exegesis,0.6369003264806835
exemplary,0.20850406329994584
exhausted,0.3610727434435889
existed,0.2843910654220557
existent,0.3069835627753412
expansion,0.23469459987382896
expelled,0.29215684140546067
experienced,0.23580713078984286
expert,0.3163378834152896
expiation,0.2353705811087763
explain,0.7791477202935746
explains,0.24731221427846053
exposed,0.2455588769663102
express,0.2370093912648143
expresses,0.2163331473632883
expulsion,0.20850406329994584
extend,1.2675956921888574
extended,0.2510087288454476
extensive,0.2558758099554981
extensively,0.22321624538323476
extra,0.2560637750513744
extremely,0.6827498589068772
extremism,0.44508329536947244
eyes,0.9107365862316459
fa,0.3672483365527058
face,0.2209766040238891
faced,0.22052033241816368
faces,0.3442186229888043
facing,0.31709703991571625
fact,1.1604975430738396
facts,0.64073297506929
fail,0.3657495746150755
failed,0.4465343142704402
failure,0.2455588769663102
fair,0.42840668425944295
faith,2.004355804003497
faithful,0.3535385410555303
faithfuls,0.3860760878254368
fajr,0.7841973509185081
fall,0.24249497739232795
fallen,0.2972976864671445
falling,0.46866261404914467
false,0.2726282335299185
fam,1.1798213968916087
famed,0.27111706867594054
families,2.4855804565829422
family,8.30436342859351
famine,0.4890781552628072
famous,0.5619194718127983
fancy,0.3971012617812563
fans,1.5400349714027186
farmer,0.4299483390910292
farmers,0.27547226038499006
fascism,0.24249497739232795
fashion,0.4186525526609766
fast,9.969980891704619
fasted,1.7070665339952915
fastest,0.49686399534385267
fasting,10.64692032483178
fasts,1.9594525931518418
fat,0.49686399534385267
favorite,0.6213976902284297
favour,0.2565256203402438
favourite,1.1797354292173956
fawning,0.3213269342763043
fc,0.48248000197951996
fcblive,0.3484062434110575
feast,0.27111706867594054
feasting,0.5001987406762967
featured,0.2407289308836292
featuring,0.2708913606048732
feb,0.29507431504500836
feeding,1.4620623251767262
feeds,0.3505930303522866
feel,2.2061993314554345
feeling,1.0761945057963729
feelings,0.2163331473632883
feels,0.6299938679941225
felicitations,0.29340482514230687
fellow,0.24178904325731915
felt,1.5266740756871906
females,0.3375848169725998
ferry,0.2827785046846285
fervent,0.2603923319258384
festival,0.4516974535253411
festivals,0.5257031424500843
festivities,0.7020994647064795
festooned,0.23806025341488443
fields,0.2347352647178607
fifth,0.4078864208355106
fight,1.2450818570841826
fighting,0.6756461321214822
fights,0.26660024001077326
figs,0.268264441285239
fih,0.5144761543658203
filipinos,0.23434372583150764
fill,1.5334024646765383
filled,1.4875123811517112
film,0.3033918288892095
final,0.26607329304032296
finally,0.8103787903233456
financial,1.438822548574577
find,3.2856722292001694
finest,0.29853395628300444
finger,0.29653803485211616
finish,0.568934564011776
finished,0.2831238289275825
finishing,0.25229148499550197
fire,0.9964566841465399
firework,0.4644502242802593
fireworks,0.20907283474354071
firm,0.2488409937235753
firqi,0.25440081571489415
first,12.387871487615389
fish,0.24351934656262283
five,1.357241634284421
fix,1.315876901902896
fixed,0.2114370531546291
fixes,0.7676038672167445
flag,0.7078140060660449
flashing,0.4113261272648785
flat,0.2114370531546291
flawed,0.39422557724897334
floki,0.36137945656005466
flour,0.22940904600393755
flower,0.41855608093615876
fluctuation,0.31709703991571625
fluids,0.3869268571146932
flybetter,0.606647581871708
focus,0.7381494139675187
focused,0.2565256203402438
follow,1.1057656746115732
follower,0.26568017265880045
followers,1.1251116943528976
following,1.6270849951290074
food,4.171312681849796
foolish,0.32250157667691876
football,1.6891243153650415
forced,0.2798091683655282
forces,1.384513052195831
forcibly,0.29215684140546067
forcing,0.47586883365488764
forest,0.6115436147548612
forever,0.6146371700896445
forget,2.1235581596625384
forgets,0.5175342064343351
forgive,1.9372370610403462
forgiven,1.162880397581036
forgiveness,0.8092134130672584
forgot,0.6060814827979756
forgotten,0.2489688743972713
formalized,0.4166776221546662
former,0.47969614439792974
forte,0.232871457409767
forth,0.5034084542719829
forzainter,0.3734268765695806
fought,0.2565256203402438
found,0.33169256261881297
founder,0.23242373122269475
fractured,0.2209766040238891
fragment,0.21365466920916584
framadan,1.3725455562729938
france,0.5382141410792247
free,2.5582603613100305
freed,0.25098464954715405
freedom,0.3817994710380361
freely,0.24345550829177
french,0.20850406329994584
frequently,0.552632528540321
freshly,0.4961764387736006
friday,3.6141300300954833
fridge,0.27296121113157684
friends,2.5861378271539013
front,1.415457042898857
fruits,0.31745378095148935
fubara,0.17613030025235107
fuck,0.4280098505725663
fucking,1.0125301770312303
fuel,0.22849656868590407
fulfil,0.6139256518844678
fulfilling,0.5014202726221191
fulfillment,0.8358521985631436
fulfilment,0.2902505881679503
fulham,1.0126597441756107
full,2.353782875992335
fully,0.29156787628594794
fun,0.2664146651656631
functional,0.29156787628594794
fund,0.40168454937259207
fundamental,0.2455588769663102
fundamentalists,0.30238785434658727
fundamentally,0.2801784969665349
funded,0.3726968964208014
funding,0.26649633856994964
fundingpips,0.3950419195274122
funds,0.2397680987595719
funniest,0.4881738075886511
funny,0.355846307822624
furious,0.2555640881743844
future,0.5528374143411805
futures,0.274244121582194
futurestrading,0.274244121582194
fyi,0.4523190535976777
fyp,0.6212787335983325
gaib,0.31050104643487364
gain,0.5078152582557814
gaining,0.6124326234974785
gallery,0.3946534929945202
gambling,0.4153098984941319
game,1.0043025828177554
games,0.5546027077310289
gangs,0.32771635281883715
gates,0.7422137560520325
gather,0.7394537567794244
gathered,0.5433942431843264
gathering,0.23242373122269475
gavin,0.2489688743972713
gaxle,0.31050104643487364
gaza,15.354732352561404
gazans,1.4263344631008645
gen,0.24249497739232795
gender,0.34336895396203276
general,0.4851165001698603
generosity,1.405719563986989
generous,1.0748866543695725
generously,1.4160758387803474
genocide,1.3160558265852376
genuine,0.45142234462080055
genuinely,0.2544900641868439
george,1.0716784626395703
german,0.24345550829177
germany,1.212121589959538
gesture,0.22495901542950328
get,3.2004589604751326
getting,1.256192172913512
ghana,0.2513767433880358
gifted,0.33693422959859765
gifts,0.7383672882040558
ginseng,0.39402003731055435
girl,1.7379397341138865
girlies,0.463591002513144
girls,0.4294336855237399
give,3.0978095647305297
giveaway,0.920625145963988
given,1.366506615121998
gives,0.3992878021323194
giving,1.6804219557876188
gl,0.3168921472885355
global,0.29853395628300444
globalist,0.2528013183236543
glorious,0.2506024764095253
glows,0.4305668760224377
go,1.8710063750769996
goal,0.5715527202003748
goals,1.66057941900259
god,2.665966519868223
goes,1.1466863372334233
going,3.8745141833039565
golden,0.6227055037259339
gone,0.5318536730265129
gonna,0.3832684704449065
good,5.484135934763358
goodbye,0.3155673782855596
goodness,0.397469162661528
goods,0.4664150243638642
google,0.8095535029140161
gooning,0.9893998915819537
gorge,0.25537634471446546
got,0.4587111075408421
gourge,0.24351934656262283
governance,0.20517059468065071
government,1.4548053509291867
governor,0.22495901542950328
governors,0.7386297288051721
govt,0.2069676281341884
gp,0.2768592919819668
gracefully,0.4305668760224377
gracie,0.22672250795692261
grant,1.7512043321234827
granted,1.2173384490236214
granting,0.19914789647986197
graphic,0.2602671673793154
grappling,0.26325985899415383
grassroot,0.25860612425727847
grateful,1.0039525526679773
gratitude,1.190553785745536
great,1.4736473463170785
greatest,1.2862175728724907
greek,0.355846307822624
green,0.2768351331491872
greetings,1.367604161295927
grew,0.5505362585659691
grooming,0.5160469442409248
group,0.6237986169750579
groups,0.22282782332399273
grow,0.6857887861973805
growing,0.2945735399379355
grown,0.34948115346532616
growth,1.4365200975791916
gt,0.22849656868590407
guard,0.4664931428845846
guess,1.1858896354093775
guidance,0.7686284814653758
guide,2.3558573723685394
guidelines,0.2188634602602519
guides,0.28108664966174185
gulmarg,0.4186525526609766
guy,0.2544900641868439
guys,0.4986590307088593
habiby,0.3561816111234417
habit,0.2905932650883888
habits,1.0408416264625238
hack,0.2488409937235753
hadith,0.20517059468065071
haemorrhage,0.2209766040238891
hafiz,0.26117470974307283
hagia,1.2392454555373127
hai,0.25440081571489415
haifa,0.25952759796941444
hailed,0.3703185045841615
hajj,0.24794816966462527
hakeem,0.3178810576844378
halal,0.26441366424171914
half,0.36945139364636
hall,1.0716784626395703
hallelujahfestival,0.17613030025235107
ham,0.738822616202367
hamas,0.450009830802828
hand,0.48663268286814015
handed,0.268264441285239
handful,0.2519270232073922
handled,0.341216464641868
hands,0.23469459987382896
handy,0.2768351331491872
hangry,0.2560637750513744
hani,0.2370093912648143
happen,0.546260090328754
happened,0.5646558801402732
happiness,2.0983507852199237
happy,8.010481942962516
haqqanis,0.22993538353745382
haram,0.49391440282029103
haramain,0.23411412717805652
haramaininfo,0.23411412717805652
harass,0.3651754739653281
harasses,0.7707740207656129
harassing,0.637425573076887
hard,1.3810988847952377
hardens,0.26325985899415383
harder,1.0631141619018514
hardship,0.5519333052453046
harmony,0.5492321591810307
harvested,0.2602671673793154
hasanat,0.5040886675997521
hashimu,0.24787166573472325
hassan,0.2163331473632883
hate,0.4485814539456542
hating,0.3234706446960289
havoc,0.26325985899415383
hawks,0.7411400158349288
head,0.5697689540780402
headline,0.21799806111632347
heal,1.011831115139642
healing,0.8359013549560157
health,1.4190305953231794
healthier,0.25427593284560013
healthy,1.4847614231215913
heard,0.29700576790785155
hearing,0.45885032468044057
heart,3.724303583012488
heartbreaking,0.48156174619463327
heartfelt,0.2529334166245959
heartland,0.22993538353745382
hearts,2.755099428446139
heartwarming,0.2519270232073922
heat,0.46483380642910094
heath,0.5689554475963561
heaven,0.43045500797852737
heavens,0.24535141135968083
heaviest,0.24593831509312983
heavy,1.8081228417312354
held,0.44024426054007576
hell,0.984340573048366
help,2.676714109551168
helping,1.181818504578619
helps,0.5721588136687648
herat,0.46299493600344016
here,0.25537634471446546
heritage,0.6508308852439693
hesitate,0.31108705229599143
high,0.9043280136360158
highest,0.3031535746818456
highlighted,0.22052033241816368
highlights,0.21799806111632347
hiii,0.501718077534083
hijab,0.5415124876391421
hijri,0.2685630801876454
him,0.6140065601352501
hindu,1.1461041895147972
hindus,0.24109817929925972
hindustan,0.24731221427846053
hisbah,0.8400756686416592
history,1.158569566658441
hold,0.2555640881743844
holding,0.2385875405304047
holds,0.7291166838388647
holi,0.20612426654536045
holiday,0.6175991881994376
holidays,0.2536042142277659
holy,9.471761197481218
holyprophet,0.24535141135968083
home,4.04651197519692
homeless,0.48297950307010046
homes,0.7624161632820649
honor,0.5738978512121289
honored,0.2997025137581743
hooked,0.25229148499550197
hoops,0.558815303247914
hope,1.9551697565641268
hopes,0.25098464954715405
horizon,0.43715524484544716
hormonal,0.24731221427846053
hospital,0.5244232992800948
hospitality,0.3915770691482661
host,0.8616428660348779
hostages,0.3033918288892095
hosted,1.8573700987340485
hosting,0.745325158665721
hosts,1.8172301047516446
hoteliers,0.22568227486865758
hotels,0.30238785434658727
hours,2.7529037743849236
house,0.6700462433922146
how,0.2114370531546291
however,0.25098464954715405
huge,2.001041074626901
human,1.509964076322816
humanitarian,0.25274601215332015
humanity,1.1091097196337116
humbles,0.3505930303522866
humiliated,0.9893998915819537
hundreds,0.6837254956456931
hunger,0.9500063664503982
hungry,0.7707712209330364
hunter,0.2573789412416889
hunting,0.728946219293729
hurt,0.22646074789812773
husband,0.649411304689945
hussain,0.45436894751382384
hussainiya,0.2163331473632883
hustle,0.34544451031209616
hw,0.3561816111234417
hxmxs,0.2188634602602519
hybrid,0.22849656868590407
ia,0.35021225900853586
ibaadah,0.28720398189078017
ibadah,0.7390929698078339
ibrahim,0.8468453620537855
ibrahima,0.36221165841936304
ice,0.22672250795692261
idea,0.459593298642869
ideal,0.9893998915819537
identifies,0.5001987406762967
idiotic,0.34328105353816996
idiots,0.23248304210302634
idk,0.47088866967208465
idly,0.3069835627753412
iftaar,0.3943938425204983
iftar,9.25930383185385
iftars,0.2997025137581743
ignorance,0.24351934656262283
ignorant,0.34328105353816996
ignore,0.891696797352069
ignoring,0.21799806111632347
iii,0.29860192827945226
ila,0.24722219756937763
ilaha,0.2708913606048732
ill,0.7634282196349238
illa,0.2708913606048732
illuminate,0.354537285825172
im,1.0425928652318621
imaan,1.1065610139724698
images,0.22568227486865758
imagine,1.1387955958584253
imam,1.1216693578393133
iman,0.3414348310361223
imho,0.2830490666494898
imma,0.43284328362004754
immense,0.30606817947057674
immigrant,0.26660024001077326
impact,0.29853395628300444
impactful,0.24040884984964236
imperial,0.40798883924105334
implemented,0.5207706628407134
importance,0.6178139776713415
important,0.6853451045719277
imported,0.21365466920916584
impressive,0.3178810576844378
imprisoned,0.267275527162969
improve,0.28940324237592824
improved,0.268338718022807
improvement,0.510634498970267
imran,0.7912115587089437
ina,0.3561816111234417
inaugural,0.8427857969235846
incase,0.2160296999677017
incidents,0.2297303416494701
include,0.2603196068183918
included,0.4985773829355729
including,1.3125890473695951
increase,0.8274475696623096
increased,0.2385875405304047
increasing,0.2319147985093886
indecent,0.22568227486865758
indeed,0.395798069249121
india,0.9273417667573296
indian,0.3508719464313823
indicating,0.37162040919274403
indication,0.23248304210302634
individual,0.25852078123204436
indonesia,1.1263157421324976
inevitable,0.2603196068183918
infallible,0.3279776350260502
influencer,0.3103952311870889
influential,0.2530151178950663
informs,0.24330412549633507
ingredients,0.2519270232073922
initiative,0.44600910325926046
injured,0.36221165841936304
inni,0.3441236807147917
innocent,0.6607013738439728
insensitively,0.2319147985093886
insha,1.169558170307102
inshallah,0.43917825008646055
inside,3.0495474696582052
insights,0.35021225900853586
insisting,0.3442186229888043
inspiration,0.28108664966174185
inspire,0.25174111447320063
inspired,0.26660024001077326
inspiring,0.3158013660691427
instagram,0.2708913606048732
instance,0.24353741819821997
instead,1.2118596237646202
institute,0.20850406329994584
institutional,0.25251089602640703
instructing,0.25251089602640703
insult,0.2284381922945404
insya,0.25174111447320063
integral,0.49147354689797673
intelligence,0.22321624538323476
intense,0.6124326234974785
intention,0.6587823182958726
intentional,0.22476017959807565
intentions,0.2846421723781551
inter,0.3734268765695806
interested,0.2919190554642461
international,0.9957062646076276
internet,0.3091667534312003
interpretation,0.2114370531546291
invaluable,0.35021225900853586
invest,0.488720158649101
invite,0.9450219813390097
iou,0.5625476541507266
iran,0.52724851707592
iranian,0.5967858527500117
iraqi,0.2163331473632883
ireti,0.17613030025235107
irish,0.32771635281883715
ironed,0.22044694248904095
irving,0.2660933005637399
isha,1.3586873526406362
ishowspeed,0.5576135325034025
isis,0.2385875405304047
islam,4.539433974617211
islami,0.2297303416494701
islamic,3.5987754018830547
islamist,0.5502324180506891
islamists,0.38278720806580296
islamization,0.4401670704196261
islamofascist,0.23580713078984286
islamophobia,0.2188634602602519
isolation,0.21383670555774228
israel,5.028416126248602
israeli,4.181613214934096
issues,0.24731221427846053
italian,0.2284381922945404
jabalia,0.41366353428502506
jahils,0.31710838913460143
jail,0.2919190554642461
jailed,0.2138999703989496
jails,0.21383670555774228
jamat,0.2297303416494701
jannah,0.4544787105632892
japanese,0.2550616714859819
jaw,0.2209766040238891
jay,0.3798471086853611
je,0.2160296999677017
jerusalem,3.3875940997133096
jesus,0.910654876911342
jewish,1.0407386562459915
jews,0.24132947939668956
jharkhand,0.2069676281341884
jigawa,0.43224777293988936
jihad,0.2293112026921121
job,0.46379334685149326
jobless,0.43713876711535005
jobs,0.43713876711535005
join,1.3158267153429475
joined,1.0205109963572137
joining,0.3535385410555303
joke,0.532894106126943
jordan,0.3178810576844378
journey,0.735763894118428
joy,3.7091064157954396
joyful,0.8412900889763701
joyous,1.0308699684615932
judea,0.37561842004142015
jump,0.26325985899415383
jumped,0.5411615922909593
junta,0.24249497739232795
justin,0.2801784969665349
juventini,0.5479724577825545
ka,0.2069676281341884
kaaba,1.0256701013162424
kabul,0.19914789647986197
kaduna,0.22495901542950328
kafir,0.25440081571489415
kahlout,0.3103952311870889
kamal,0.37320971845522577
kamukunji,0.2313950116856674
kan,0.7236467766490569
kandahar,0.29215684140546067
kano,1.6182686459744797
kaoor,0.20612426654536045
kapoor,0.20612426654536045
karanveermehra,0.5470148008511093
kareem,7.3404887150022855
karim,1.9078890682776142
karwa,0.24731221427846053
kat,0.2741321882772402
katsina,0.6751997409685284
kebab,0.32771635281883715
kebbi,0.4485006521050737
keep,2.1607516997537695
keeps,0.24651411043806384
keir,1.5638299070911392
kenyans,0.24721600274474528
kept,0.43720036653349087
kerala,0.3508719464313823
key,0.2603196068183918
keyless,0.17613030025235107
kg,0.432598880346445
khair,0.4963568497948078
khaled,0.36840754214586374
khalifa,0.2543260048765284
khalil,0.6653650212473987
khamenei,0.2163331473632883
khan,1.3261300634912345
khans,0.35021225900853586
khomeini,0.2163331473632883
khost,0.22993538353745382
khudairi,0.3163378834152896
khulna,0.2297303416494701
khutbah,0.6413834859601437
kicks,0.48960785845147947
kids,0.29751045781158425
kill,0.5241878831570708
killathon,0.2572971617582852
killed,1.0970315638836103
kind,0.22495901542950328
kindly,0.7717413538079203
kindness,0.9698406341493303
king,4.488148341202854
kings,0.31212175974943185
kirkuk,0.27547226038499006
kissed,0.2780674256563369
kitchen,0.6063220697505095
kite,0.20612426654536045
km,0.22849656868590407
knew,0.5236661797499063
knives,0.2560637750513744
knocking,0.20907283474354071
know,2.2146538999732575
knowing,0.3033918288892095
knowingly,0.32582626246852914
knowledge,0.43011103805184087
known,0.6174116059783388
knows,0.23303442576557712
konat,0.36221165841936304
kono,0.25440081571489415
koran,0.32506781127581963
kosovo,0.6612888393829577
kucoin,0.5195152091305466
kukreja,0.21856876689347965
kumbh,0.24109817929925972
kurdish,0.27547226038499006
kurdistan,0.27547226038499006
kursk,0.2611333367548731
kwh,0.22849656868590407
kyrie,2.18169864832595
la,0.2708913606048732
labour,0.5095799396571888
labourers,0.2347352647178607
lach,0.2741321882772402
lactose,0.24454926031480026
lady,0.5434529732610671
lagta,0.25440081571489415
lahia,0.3780607895020218
lahore,0.23854305127361616
lala,0.23303442576557712
lambo,0.17613030025235107
lamine,0.8970701713976608
land,0.34948115346532616
landmarks,0.23472115035138558
large,0.7881018354506888
largest,0.5828206281470076
las,0.4153098984941319
last,5.815779918711251
lasted,0.2558758099554981
lasting,0.29853395628300444
late,0.29700576790785155
later,0.2284381922945404
latest,0.7313653121455672
laughter,0.25174111447320063
launched,0.49324046335564786
launching,0.31050104643487364
law,0.7987419665897569
lawless,0.2919190554642461
lawsuit,0.2536042142277659
laylat,0.2768351331491872
laylatul,0.3765637028725175
lazy,0.2834892517543268
lconnexion,0.2741321882772402
le,0.25440081571489415
lead,0.2726282335299185
leader,0.4175260463879835
leaders,1.0017920306899815
leadership,0.22052033241816368
leading,1.1340704028576851
league,0.8861747427049051
learn,0.9628238485025412
learned,0.4715863619106381
least,0.4263548032644447
leave,1.459110710536168
leaves,0.4339263714507672
leaving,0.5862482697953583
lecture,0.23242373122269475
left,1.234422475064542
legal,0.7795124599474887
legit,0.3168921472885355
lenses,0.22044694248904095
lent,3.958312667790729
lenten,0.2986149520944295
lesson,1.0482285222664784
lessons,0.46712768906869645
let,5.561803880974826
lets,0.6970364440856011
letsdolondon,0.26828397255236275
letter,0.2823246317465527
level,0.25440081571489415
levels,0.23469459987382896
lexus,0.17613030025235107
liberated,0.2611333367548731
liberty,0.25492443198798515
lied,0.4523190535976777
lies,0.3161620281662116
life,6.2958915386218335
lifehacks,0.7236467766490569
lifestyle,0.21856876689347965
lift,0.3542917103268173
light,0.9813007925515121
lighting,0.22362555532629494
lights,1.9494711282721906
like,4.593217902438731
lil,0.2708913606048732
lilo,0.5975102280593767
lily,0.3798471086853611
limits,0.20517059468065071
link,2.011225302456488
list,0.9189252140970603
listening,1.3320562322052758
listenquran,0.3798471086853611
lit,0.2947909482038741
literally,0.9648290247567324
little,1.9981327933937356
live,0.8287337510567313
lives,1.4618782731831095
living,1.5924924505376075
ll,0.2114370531546291
local,0.8331663663882057
locals,0.5913325915766556
location,0.17613030025235107
locked,0.2138999703989496
london,3.8407518751685807
londoners,0.2938641613333906
long,2.1018858247604384
longer,0.2726282335299185
look,0.6885104505399895
looking,0.5439935267279317
looks,0.2798091683655282
lord,0.4652863949824925
lose,0.25427593284560013
losing,0.5445796276746998
loud,0.341969773695918
loudspeakers,0.24254515529610984
love,4.40919768903091
loved,2.212774124091065
lovely,0.9064993894742863
lover,0.20612426654536045
loves,0.20612426654536045
low,0.2319147985093886
lowkey,0.3992878021323194
lubricants,0.2768592919819668
luck,0.5623162221894225
lucky,0.9959224865625156
lunch,3.4860294713944517
lutfur,0.23806025341488443
luxury,0.22993538353745382
lying,0.4420229668049506
ma,0.24794816966462527
made,1.5248850921722175
madinah,0.8388854844197061
mady,0.2831238289275825
maghrib,0.9362397060082371
magical,0.38373804299097547
magomed,1.9587462794773398
mahmoud,0.22672250795692261
maim,0.23420882122360076
main,0.40693236372694847
majengo,0.2313950116856674
majestic,0.4109149783089472
major,1.770763170231203
make,6.207293016101094
makes,1.7385352349288297
making,3.7809848081564166
makkah,1.252573359172647
maldives,0.2827785046846285
man,4.9211073418763
manage,0.6192395343267809
management,0.22052033241816368
mandated,0.29507431504500836
mannequins,0.7455178298251046
mannheim,0.44093763395574015
mansion,0.22672250795692261
manufactured,0.22362555532629494
many,1.4482113333653293
marar,0.2543260048765284
march,2.935676304167632
marched,0.24721600274474528
marches,0.43345787949963005
maret,0.2947909482038741
mark,0.4635648769843982
market,0.9742038817691359
markets,0.23469459987382896
marking,0.2544900641868439
marks,0.21365466920916584
marley,0.3860760878254368
married,0.7872535468431674
mart,0.24132947939668956
martyanovka,0.2611333367548731
mas,0.22044694248904095
masjid,1.0087756232643437
masks,0.22044694248904095
mass,0.9759869143467018
massive,0.9006049538537144
mataaf,0.590259491869774
mataf,0.4109149783089472
match,2.110665831573009
matchday,0.3477849312858239
matches,0.7304023496909751
materials,0.8453939273196144
matter,1.1450060394150625
matters,0.677231192737411
mattresses,0.21383670555774228
maulana,0.5459893680118144
maximum,0.519560515924768
may,16.075416160624144
maybe,0.5488457946622012
mayida,0.31710838913460143
mayor,1.0869599905661471
mazar,0.19914789647986197
mazraoui,1.8834530817152728
mbs,0.3926020173920278
meal,1.9333910907150753
meals,1.9413635086400283
mean,0.28940324237592824
means,0.6703643900243613
meanwhile,1.577087381308175
meat,0.24351934656262283
media,0.6584546922011878
medical,0.24068776925014437
meet,1.2424759444040803
mega,0.4792831813868511
members,0.5165385972477594
memo,0.24722219756937763
memorize,1.2024542347545244
men,1.3895788465332657
mend,0.42318360214779444
menstruation,1.388803700539384
mention,1.2641834471073847
mercy,1.004058390428872
merebo,0.39402003731055435
merry,0.8395953872040908
message,1.9072253206175342
messaged,0.2138999703989496
messenger,0.3442636037452738
met,0.2506024764095253
method,0.22646074789812773
michael,0.38001025262478594
mid,0.3508719464313823
middle,0.6392505626551719
midnight,0.2160296999677017
midterms,0.9893998915819537
might,1.6492491160409724
migration,0.2843910654220557
mil,0.2284381922945404
mile,0.23806025341488443
military,0.5941654484501906
millennials,0.5505362585659691
million,1.0406556792923134
millionaire,0.3832684704449065
millions,0.25492443198798515
min,0.38109122156077263
mind,1.2768430138837374
mindset,0.5987144791626867
miniature,0.42313481413274856
ministers,0.25242481938964284
ministry,0.25348628635724724
minor,0.32582626246852914
minorities,0.3167490551357407
minors,0.23420882122360076
minster,0.3213269342763043
minutes,0.8770694276483395
mira,0.31050104643487364
miracles,0.2488409937235753
miss,0.9474664292967435
missed,0.8950918077403044
missing,1.3340966693851195
mission,0.2738356366721088
mistake,0.4754857074291974
mistakes,0.6426660971701634
mister,0.9121875851635766
mma,0.2827785046846285
mnuful,0.3869268571146932
mo,0.7646740648411561
mobs,0.3476804245345951
mocking,0.2209766040238891
model,0.17613030025235107
moderation,0.20517059468065071
modern,0.20517059468065071
modestly,0.24353741819821997
mohammad,0.24178904325731915
mohammed,0.6228927450621751
mohammedans,0.29860192827945226
mohd,0.3508719464313823
moisturized,0.24431298527186715
mom,0.29751045781158425
moment,1.1562241479117867
moments,0.9098721518832757
monarchs,0.267275527162969
monday,0.45442933304297517
money,0.23303442576557712
monster,0.2573789412416889
month,20.407184709827785
months,0.8775746570725923
moon,2.3301511335479024
moonsighting,0.29340482514230687
morning,4.79185178766134
mornings,0.5052865683593303
mosque,5.336389609633625
mosques,1.1012396216109877
mother,1.1345169845407872
mothers,0.5766363684774497
motion,0.28957376825959735
motivation,0.22321624538323476
motive,0.21365466920916584
move,0.40156203327006657
moyo,0.24721600274474528
mp,0.2069676281341884
mpg,0.22849656868590407
mqm,0.22116189754114576
mr,0.23248304210302634
mtcc,0.2827785046846285
mu,0.2160296999677017
mubarak,16.44773601002558
much,3.0635810655830173
muhammad,0.8248450203767156
muhmeenah,0.24722219756937763
mujahid,0.3442636037452738
multiculturalism,0.5300289122125549
multiple,0.4136329992367738
multiplied,0.25957341190442096
multiplies,0.27414280664255264
mumbai,0.23420882122360076
muneeb,0.3158013660691427
munir,0.4746473961677099
murdered,0.8593054554843426
murdering,0.4722243926756011
music,0.2319147985093886
musiims,0.4393927518404043
muslim,11.39983112780194
muslims,14.10454484803524
must,2.3601989769752016
mustafa,0.2370093912648143
mutawatir,0.20517059468065071
mute,0.28580038550128356
mutton,0.20612426654536045
myriam,0.20850406329994584
na,0.5748976496456857
nafila,0.43506984958644396
naira,0.5758262371844065
nairobi,0.2313950116856674
namaz,0.6169023783256825
name,1.0793396900382808
nans,0.2455588769663102
narrated,0.5580875391321792
narresh,0.21856876689347965
nasai,0.3442636037452738
nasrallah,0.2163331473632883
natasha,0.17613030025235107
nation,1.2139874761817306
national,0.45062548101887195
nationalism,0.21365466920916584
nationalist,0.20907283474354071
nationwide,0.2326200762367099
nato,0.20850406329994584
nature,0.41855608093615876
naya,0.3603803843553497
nd,1.3845546522316183
near,0.23420882122360076
nearly,0.5461608053350757
necessities,0.2602393475012715
need,1.785340331088106
needed,0.566292654444028
needs,0.38151795049390314
neglecting,0.33682226149356936
neighborhood,0.7671507482856452
neighborhoods,0.20907283474354071
neighbors,0.34032817150844996
neighbours,0.2902505881679503
neither,0.2743608229627367
neom,0.5146769508694989
netanyahu,0.41577813312197126
netherlands,0.2798091683655282
network,0.2188634602602519
never,2.777948642617656
new,4.873014024297178
news,1.4406233614937352
next,2.9807104653147096
nicaea,0.4166776221546662
nice,0.72874646762054
nigeria,1.6386833432933285
nigerian,1.0985668370115906
night,5.2086613818387715
nightly,0.4691167529873129
nightmare,0.3167490551357407
nights,2.3598961089282424
nile,0.2160296999677017
ninth,0.2685630801876454
nobody,0.3236799701241188
nod,0.27759323877556935
non,1.5895408976791667
none,0.27759323877556935
noon,0.6037069759174412
nord,0.37320971845522577
norilsk,0.37320971845522577
normal,0.7418044598507981
normalcy,0.30270201471662256
north,0.8839919507164384
northern,2.295799832901387
northernmost,0.37320971845522577
norway,1.3108011317664565
nothing,1.638592753490554
notion,0.46075578134340284
notmyking,0.4977837549228978
nottingham,0.6115436147548612
noug,0.24454926031480026
nourishes,0.268338718022807
nourishing,0.2426911726067981
nourishment,0.24040884984964236
noussair,1.8834530817152728
november,0.38001025262478594
nss,0.2741321882772402
number,0.7753079267443332
numbers,0.4329214852623837
nurture,0.6171041275583159
nyc,0.23472115035138558
nypd,0.22362555532629494
obaida,0.25740046105846115
obedience,0.23434372583150764
obidient,0.25860612425727847
object,0.24132947939668956
obligated,0.3597594754880794
obligations,0.28940324237592824
obscene,0.21988425565720338
observances,0.25492443198798515
observe,1.8749846104427945
observing,4.541611784814895
obviously,0.2910703410340458
occasion,0.4694778987006565
occupation,1.025655630682789
occupied,1.0383439900401994
occur,0.2603196068183918
october,0.21383670555774228
of,0.24249497739232795
offcials,0.25396546933413633
offend,0.21856876689347965
offered,0.49991941029233106
offers,0.6971506726063308
officers,0.24132947939668956
official,0.8189626917825279
officials,0.458362640168836
offspring,0.3040247460409133
often,0.960510068781244
ogba,0.17613030025235107
ogun,0.232871457409767
oh,0.8951936654202934
oil,0.4406624396054439
ok,0.26409632858781223
olajuwon,0.3178810576844378
olawoyin,0.24722219756937763
old,2.8865442270475077
older,0.29751045781158425
olympiens,0.5754313805509138
omar,0.8241655412009152
omari,0.32506781127581963
omoyele,0.23248304210302634
on,0.26441366424171914
onboard,0.35714137054712286
ondo,0.38133292095371774
one,3.9082842795082544
ones,1.9895782244323321
ongoing,1.3250017128325238
online,0.4986590307088593
onto,0.341216464641868
open,1.9311417222261038
opened,0.639453266478612
opening,0.5438855336865973
opens,0.7846164685011411
opportunity,1.2537121093302086
oppressed,0.7127047224427259
oppressors,0.5714540922775546
option,0.17613030025235107
options,0.3264820167293968
order,0.7406479925141627
orders,0.29507431504500836
ore,0.38133292095371774
org,0.2438013674593605
organising,0.21856876689347965
organize,0.9419104717774449
organs,0.2602671673793154
origins,0.24651411043806384
orphanage,0.24410664865852608
orphans,0.7156994141135508
orthodox,0.24351934656262283
oscars,0.20850406329994584
osun,0.24722219756937763
ot,0.2831238289275825
others,0.5506384426615671
otherwise,0.33169256261881297
ousmane,0.5752884738290456
outdoor,0.24132947939668956
outfits,0.22044694248904095
outrage,0.655163757361853
outside,2.05362231872733
overlooks,0.2829241759727834
owner,0.8113723232106298
ozain,0.4881738075886511
pack,0.23854305127361616
package,0.3598312210359615
packages,0.5669704233195704
packaging,0.24353741819821997
packed,0.590259491869774
packing,0.29860192827945226
packs,0.5760192781441879
page,0.5849711520803395
paid,0.7723103733995226
pain,1.105885141003546
painter,0.42313481413274856
paints,0.397469162661528
pak,0.3167490551357407
pakistan,2.607504506590736
pakistani,0.31710838913460143
pakistanis,0.2972976864671445
palestine,3.4056441497872987
palestinian,6.1974339699992
palestinians,5.896141699280696
pancake,0.2544900641868439
pancakes,0.27759323877556935
pann,0.2741321882772402
panwar,0.24731221427846053
papa,0.3178844869325181
papers,0.22646074789812773
parade,0.6059254557159275
paradise,0.5195334632174691
paradox,0.3505930303522866
parc,0.39828308298657017
parents,0.6813523613235444
paris,0.20850406329994584
parliament,1.5959173341565276
parliamentarian,0.3220305034657587
part,2.1156044218188095
parted,0.2163331473632883
participate,0.8973961156447534
participating,0.4420229668049506
participation,0.24040884984964236
particular,0.25174111447320063
parties,0.28940324237592824
partners,0.2768592919819668
party,0.7138059752356566
passed,0.9287167974173631
passes,0.4302108489391533
passion,0.25852078123204436
passover,0.7109694987860264
past,0.9085160711655296
pastors,0.2986149520944295
path,0.38631555550846647
pathetic,0.2571464839378181
paths,0.354537285825172
patience,0.9244504135957032
patient,0.3213269342763043
patriots,0.49604880522537015
pause,0.7429164454292351
paused,0.674478945127722
pay,0.23469459987382896
peace,6.294187233811647
peaceful,5.767349438884065
peacefully,0.21799806111632347
pedestrians,0.2293112026921121
penitential,0.24651411043806384
penury,0.2319147985093886
people,6.891705724705933
peoples,0.24787166573472325
per,0.6526031575098297
perception,0.24109817929925972
pereira,1.0874669896500968
perfect,1.0677710662483284
perfection,0.5384495050798167
perfectly,0.5668251377208713
perform,0.9797628145254254
performance,1.1655120217760422
performances,0.3178810576844378
performed,3.0297185682488026
performers,0.3031535746818456
performing,0.25957341190442096
performs,0.840862775037241
perimeter,0.24132947939668956
period,0.8747340561116503
permanent,0.25274601215332015
persecuting,0.24345550829177
person,0.9915470464084447
personal,0.37061517374669606
peshmerga,0.27547226038499006
peta,0.20612426654536045
petition,0.25274601215332015
photo,0.32506781127581963
photos,0.19914789647986197
phrase,0.2708913606048732
physical,0.25852078123204436
piccadilly,0.5572290429459597
pick,0.4815982955281676
picture,0.6203521306305658
pictures,0.5736873519125808
piece,0.22993538353745382
pig,0.3045229774300711
pilgrims,0.8604566980339008
pillar,0.24535141135968083
pity,0.2319147985093886
place,1.010759351275147
placed,0.4787899680356787
placing,0.3045229774300711
plan,0.5811370869840924
plane,0.23303442576557712
plans,0.2160296999677017
play,0.9444866927406661
played,0.5067783752852779
player,0.3869268571146932
players,2.752137355025631
playing,0.8078510323419168
plays,0.7949480025899673
please,3.053150332092575
pleases,0.23411412717805652
pleasure,0.2956114275546375
pleasures,0.25852078123204436
plz,0.3504091456165353
pm,0.836553264515498
po,0.25860612425727847
point,0.7522971220315335
pointed,0.2385875405304047
police,1.6938881862591542
policing,0.2489688743972713
political,0.4049078885311128
politicians,0.2489688743972713
pondok,0.4986590307088593
pool,0.274244121582194
poor,1.0358894802090908
population,0.4653776720208692
pork,0.4986901943727601
porn,0.19914789647986197
positivity,0.354537285825172
post,3.84451956784674
posted,0.8601476430237622
posters,0.23806025341488443
posting,0.23580713078984286
poutine,0.20850406329994584
pov,0.7236467766490569
power,0.5009453005535784
powerboot,0.17613030025235107
powerful,0.6012259140253153
ppg,0.2660933005637399
ppl,0.268264441285239
practice,0.9897636030954191
practices,0.2685630801876454
practises,0.25251089602640703
praise,0.3535385410555303
praised,0.25952759796941444
prank,0.3045229774300711
prasad,0.432598880346445
pray,2.1579223303170165
prayagraj,0.24109817929925972
prayed,0.37320971845522577
prayer,4.894035374113431
prayers,7.963496883677431
praying,1.928331790698447
pre,0.4528835306749335
preachers,0.48939343588998874
preaching,0.2521900764961761
precious,0.6811833636046749
predator,0.2138999703989496
predominantly,0.3045229774300711
premier,0.3477849312858239
prep,0.24975757823995787
preparation,0.4787899680356787
preparations,0.6353804757511495
prepare,0.6591850997727748
prepared,1.4746610141291787
prepares,1.561039306661458
preparing,0.6419147517247149
prescribes,0.48389441622800466
presence,0.25251089602640703
presented,0.23242373122269475
president,2.4719722553585424
press,1.0290296225745028
pressurised,0.25251089602640703
pretty,0.40993816956121865
prevent,0.5347132437810158
previous,1.24744256402047
price,0.17613030025235107
priceless,0.25957341190442096
prices,0.9306719177293156
pride,0.24109817929925972
prime,0.9704638947468833
prince,0.8326937888870998
princes,0.39828308298657017
principles,0.24343746892694512
prishtina,0.40693236372694847
prison,0.7550185966753602
prisoners,0.5596396556014281
prisons,0.28446070531862044
private,0.7631902898959286
prize,0.274244121582194
pro,0.20850406329994584
probably,0.24975757823995787
problems,0.2488409937235753
procrastination,0.2834892517543268
products,0.24454926031480026
program,0.6083183496944216
progress,0.7317201601218413
projected,0.24254515529610984
promised,0.3279776350260502
promote,0.23472115035138558
promoting,0.7125459526931761
proof,0.707962920473457
proofs,0.5655253513501903
propaganda,0.41848429671543275
proper,0.3375848169725998
prophet,0.8620001606746228
prophethood,0.2378446762372436
prophetmohammad,0.24535141135968083
prophetmuhammad,0.24535141135968083
prophets,0.9539054568347389
proposal,0.4141135212251668
prosecution,0.22646074789812773
prosperity,1.1142919158201603
prosperous,0.27547226038499006
protect,1.2642112403612362
protected,0.24345550829177
protection,0.24345550829177
protects,0.268338718022807
protest,0.4515380558223391
protested,0.20850406329994584
protests,0.6338808242933209
proud,0.5803216712118631
proves,0.6175968535402128
provide,0.9342558035440032
provided,0.29735826156688205
providence,0.3158013660691427
providing,0.8577668277419342
pts,0.2831238289275825
pubic,0.24254515529610984
public,2.126512599997528
punching,0.37561842004142015
punishment,0.9306610323046145
purchase,0.2397680987595719
pure,0.47461399780164876
purify,0.9033271566321399
purifying,0.43937166259878896
purple,0.2768351331491872
push,0.22362555532629494
put,1.7689131324793852
putting,0.8257051686057322
qadr,0.6157489007142527
qalandia,0.25265247419742054
qassam,0.25740046105846115
qil,0.24794816966462527
qiy,0.23411412717805652
qualify,0.25440081571489415
quash,0.21365466920916584
queen,0.3351580951851462
quenched,0.3200608536197431
quest,0.31050104643487364
question,1.0929586331108263
questions,0.2685630801876454
quiz,0.519560515924768
qur,2.7191794279101154
quran,2.3078667357168774
ra,0.7326740078768137
rabbi,0.43713876711535005
race,0.23303442576557712
racim,0.42313481413274856
radical,0.6925731725766379
radicalism,0.20517059468065071
rafah,1.0673293920021334
rages,0.22362555532629494
rah,0.2741321882772402
raha,0.25440081571489415
rahaf,0.2370093912648143
rahman,0.23806025341488443
raise,0.42682074840696826
raised,0.6599584602576196
ram,0.3823327967187987
rama,3.2760917187128795
ramad,2.931115125193766
ramadan,54.95176854779992
ramadankareem,2.5846102788754086
ramadanmubarak,4.060780840909938
ramadanthesaudiway,1.2916562537303509
ramadantrading,0.5195152091305466
ramadanwithbinance,0.6696371702257863
ramadhan,0.5907480992818411
ramadun,0.25852078123204436
ramazan,0.24535141135968083
ramres,0.3158013660691427
ran,0.2480975960500694
rana,0.2114370531546291
random,0.26029183698912195
rank,0.47852336535525325
rape,0.2138999703989496
raped,0.2138999703989496
rapists,0.3726968964208014
rare,0.38141258485640034
rasulullah,0.24535141135968083
rawdah,0.4787899680356787
re,0.40168454937259207
reach,1.1452438628333226
reaction,0.7140193696481649
reactionvideo,0.3798471086853611
read,1.0986836286852624
reader,0.4370267035477193
reads,0.572958470619261
ready,2.0565798547150065
real,1.0489281816680764
realign,0.22476017959807565
reality,0.21799806111632347
realized,0.47613106986709014
realizes,0.4572693398645697
really,1.2177414483249578
reason,0.2905932650883888
rebs,0.2831238289275825
receive,0.501718077534083
received,0.5486717637237484
receives,0.3535385410555303
receiving,0.6633209302366827
recent,0.4440874473857509
recently,0.25098464954715405
reciprocal,0.22282782332399273
recitation,0.3798471086853611
recite,0.552632528540321
recited,0.5736323082223743
reciting,0.2751404488821601
recognised,0.27759323877556935
recognition,0.4280098505725663
recommits,0.25492443198798515
reconnect,0.35021225900853586
recorded,0.3031535746818456
recording,0.2209766040238891
redefines,0.20517059468065071
reduce,0.27414280664255264
reduces,0.43224777293988936
references,0.2397766715185082
refers,0.25852078123204436
refill,0.38271442560220786
reflect,0.4580758176642127
reflecting,0.24353741819821997
reflection,3.060004006673044
refocus,0.22476017959807565
refocusing,0.43937166259878896
reform,0.30238785434658727
refuse,0.33387911031676615
reg,0.17613030025235107
regarding,0.44897922557334036
regardless,0.6737725438529476
regime,0.23580713078984286
region,0.2611333367548731
register,0.6817319182918526
regret,0.23469459987382896
regular,0.32771635281883715
regularly,0.25251089602640703
regulation,0.22321624538323476
reiterated,0.26117470974307283
rejected,0.4020864563670682
rejuvenation,0.2846421723781551
rekhta,0.4460745757827692
relations,0.24351934656262283
relative,0.25242481938964284
relatives,0.2602671673793154
releases,0.25492443198798515
releasing,0.22116189754114576
relief,0.48239959152718737
religion,1.4049014667267556
religions,0.4059196481016118
religious,1.446695821465721
rely,0.29735826156688205
relying,0.3234706446960289
remain,0.735001952100693
remaining,0.23411412717805652
remains,1.2317131404883708
remember,1.4816580968751174
remembrance,0.395798069249121
reminded,0.2519270232073922
reminder,1.680525379476626
reminders,0.27414280664255264
reminds,0.8248875593881118
remove,0.49664148019670096
renew,0.2846421723781551
renewal,1.7939682226207294
renewed,0.5222096825647733
repeat,1.1056763302531196
repentance,0.2905932650883888
replied,0.3876762042963867
replies,0.26649633856994964
reply,0.8203394556117924
repo,0.2573789412416889
reported,0.2544900641868439
reporters,0.6797217950590693
reports,0.2720360970795886
repost,0.673121535161904
represented,0.2603923319258384
reprioritize,0.22476017959807565
request,0.545624199842582
require,0.2397680987595719
required,0.3159902777773215
reset,0.33682226149356936
residence,0.7509433162371844
residents,1.0720204659603914
resilience,0.40212479432784737
resilient,0.3989376706314933
resist,0.25348628635724724
resolutions,0.3158013660691427
resolve,0.24249497739232795
respect,1.4476936040829336
respected,0.26117470974307283
respecting,0.34336895396203276
respectively,0.22495901542950328
responds,0.7445194125474408
responsible,0.3329379148579141
rest,0.25952759796941444
restaurant,0.3167490551357407
restaurants,0.30238785434658727
restaurateur,0.29653803485211616
restores,0.3103952311870889
restrains,0.25852078123204436
restrictions,2.212895198060095
result,0.5803415326932004
results,0.3092862924620083
retrograde,0.22476017959807565
return,0.24593831509312983
returned,0.26808647431596144
retweet,0.2313950116856674
reuniting,0.25098464954715405
reuses,0.4326042571014824
reveal,0.26026372258740615
revealed,1.3487361361684107
revelation,0.3860760878254368
revered,0.24330412549633507
reversal,0.301910267307982
reverse,0.3851974951808999
reviewing,0.24975757823995787
revolution,0.2163331473632883
revolve,0.31212175974943185
reward,0.8696221215740061
rewarded,0.29700576790785155
rewarding,0.6744478815069221
rewards,1.1834002671135258
rftch,0.2741321882772402
rhye,0.6083183496944216
rice,0.22495901542950328
right,2.2135255708471675
rinding,0.22044694248904095
rinse,0.24975757823995787
rip,0.3603803843553497
risen,0.23469459987382896
rises,0.5394538360031494
rivers,0.17613030025235107
rkiye,0.3922479289286652
road,0.49082715650644104
robinson,0.3178810576844378
rohit,0.2069676281341884
role,0.655077009162969
roll,0.7477950575602479
rolls,0.3479510684153614
room,0.32627195488993826
roots,0.39402003731055435
round,0.49019970272293345
routes,0.2510087288454476
routine,1.3970322580125298
row,0.23472115035138558
royal,2.0156391644926597
roza,0.3375848169725998
rpg,0.2660933005637399
rss,0.23420882122360076
rt,1.4558688071696404
rubble,1.7995917226618814
rubbles,0.3989376706314933
ruhayli,0.4653069939729767
ruins,1.2962717157757653
ruled,0.5320415594586513
run,0.2947909482038741
running,0.5760197391643924
rupees,0.31710838913460143
rushed,0.43146531358066187
russia,0.7435887742654151
russian,0.2611333367548731
russie,0.20850406329994584
rx,0.17613030025235107
sacred,2.126983387071193
sacrifice,0.23434372583150764
sad,0.2319147985093886
saddened,0.25242481938964284
sadiq,0.5552650863838322
safe,1.5292354657610772
safety,0.3479510684153614
sahaba,0.22052033241816368
sahara,0.6797217950590693
sahih,0.26568017265880045
sahoor,0.6060188691836663
sahur,0.17613030025235107
said,1.8464471522875165
salah,1.1601482190021626
salam,0.2972976864671445
sale,0.2407289308836292
samaria,0.37561842004142015
sami,0.3858865268693321
sanctity,0.22116189754114576
sandwich,0.5894948230176688
sangh,0.23420882122360076
sani,0.22495901542950328
sanya,0.24731221427846053
sara,0.23434372583150764
sari,0.2160296999677017
sat,1.2481484919094463
satanic,0.478583188177498
sattar,0.24178904325731915
saturday,0.5589933938462066
saudi,1.8527620006699368
save,1.1270213419205493
savings,0.586248757177541
saviour,0.3279776350260502
saw,0.9736712544375288
sawa,0.24535141135968083
say,1.6767186811721624
saying,1.4964282648492078
says,1.3565242079364046
sayyed,0.2163331473632883
scales,0.24593831509312983
scarred,0.2284381922945404
scary,0.2297303416494701
scene,0.584263076848551
scenes,0.4404918775996867
sch,0.4986590307088593
schedule,0.8206010961183196
scholars,0.2530151178950663
school,1.425859163179739
schools,2.8348797386223947
schulak,0.23242373122269475
science,0.4906264911305389
sciences,0.24722219756937763
se,0.21988425565720338
searching,0.3651754739653281
season,1.3045694185259218
second,2.1123405777764535
seconds,0.4623206104164742
secretly,0.25396546933413633
secular,0.24343746892694512
security,0.41487835952580876
see,3.733167439830196
seeing,0.7289813064127081
seek,0.8248365964522977
seem,0.2489688743972713
seems,0.8589246560956371
seen,0.6195048121451154
sehri,0.3939204164208663
seize,0.48943673819368916
self,1.5177744803328208
sells,0.5045982101010741
send,0.5946367199777172
sends,0.4158457537027324
sense,0.8955881868389292
sentences,0.22116189754114576
sentencing,0.2188634602602519
sentiments,0.21856876689347965
serenity,0.4460745757827692
series,1.04293781035556
serious,0.25537634471446546
seriously,0.6386653726802087
sermons,0.2530151178950663
servants,0.43224777293988936
serve,0.2353705811087763
served,0.7686724967342977
service,1.0018507463482909
session,0.5931587923686997
set,1.5987687564330564
settling,0.24068776925014437
several,0.4542426074504629
severe,0.21383670555774228
sex,0.4504533516444815
sexual,0.24351934656262283
seyi,1.8250196573873174
sh,0.4653069939729767
sha,1.8496532672238692
shaa,0.24431298527186715
shaheen,0.2543260048765284
shall,0.2488409937235753
shame,0.29860192827945226
shamed,0.5114222103166484
shameful,0.2455588769663102
shami,0.3508719464313823
shaped,0.31212175974943185
share,1.9904511581550306
shared,0.42803725190531805
shares,1.6363554915385183
sharetheblessings,0.25851491814190297
sharif,0.3960908397138198
sharing,0.9396162479632273
shattered,0.25098464954715405
shauri,0.24721600274474528
shaytan,0.3823327967187987
shehbaz,0.22116189754114576
sheikh,0.2163331473632883
sheikhs,0.25242481938964284
shelter,0.3707640751828846
shiraz,0.24731221427846053
shit,0.37620437164472975
shivan,0.21856876689347965
shocked,0.3236799701241188
shocking,0.7380774658113191
shop,0.47586883365488764
shoppers,0.24132947939668956
shopping,0.2510087288454476
shops,0.546491249574227
short,0.22568227486865758
shortcomings,0.3948811633199686
shortest,0.3441236807147917
shot,0.5774215229044046
shouting,0.20907283474354071
shoutout,0.24132947939668956
shove,0.22672250795692261
show,2.243630866019957
showami,0.232871457409767
showcase,0.24254515529610984
showing,0.544455852077555
shows,0.4644502242802593
shrove,0.5308241312369822
shrovetide,0.2544900641868439
shujaiya,0.4583956643475491
shut,0.5765279170963502
shutting,0.679999191192903
sick,0.7301929891657899
sickening,0.2138999703989496
side,0.3915770691482661
sidelining,0.20517059468065071
siege,0.9905090645033248
sighted,1.5835141123630825
sighting,0.45435623356187377
sights,0.30669954513647696
sign,0.25274601215332015
signals,0.5098526361254776
significance,0.5038297299416079
significant,0.7037469279491888
silence,0.2455588769663102
similar,0.21365466920916584
simple,1.2104810474525065
simply,0.44904449141620584
simulation,0.24345550829177
simultaneously,0.3634238209615818
sin,0.2905932650883888
since,1.0304523736209787
sincere,0.2662593094436678
sincerity,0.6712319976961876
sindh,0.2510087288454476
sinful,0.2565256203402438
sing,0.41366353428502506
singer,0.3860760878254368
singing,0.529368441442162
single,1.473088974083474
sink,0.2671272962125005
sins,2.14817533428206
sips,0.3703185045841615
sir,0.23406096075272428
sissoko,0.2831238289275825
sisters,3.5559544273657
sitting,0.37915187123809363
situation,0.9261146830010836
situations,0.22321624538323476
siy,0.23411412717805652
ski,0.21856876689347965
skill,0.4644502242802593
skills,0.22321624538323476
skip,0.7460729112572485
skipping,1.9222900283250035
skit,0.4881738075886511
skull,0.2209766040238891
slams,0.34328105353816996
slash,0.2284381922945404
slashed,0.2209766040238891
slaughtered,0.652062004080445
slays,0.20517059468065071
sleep,0.573092307759429
sleeping,0.5073528875634199
sleepy,0.6646512966080234
slightest,0.26325985899415383
slow,1.0559321315452581
slut,0.604821742245929
small,2.039422681642916
smell,0.6799326831798653
smile,0.4574451147792414
smiles,0.22044694248904095
smoke,0.5144761543658203
snack,0.837533729029897
snapchat,0.3033918288892095
sneako,1.6638564254129133
soar,0.26808647431596144
social,0.43631448956432406
socializing,0.28940324237592824
society,0.4151188167583406
sokoto,0.577817570105318
sol,0.3168921472885355
sold,0.31710838913460143
soldiers,1.0402473915247112
sole,0.21856876689347965
somehow,0.22993538353745382
someone,1.533402197961828
something,0.25174111447320063
sometimes,0.2347352647178607
somewhere,0.5752735701453809
son,2.267712875295475
sonam,0.20612426654536045
soon,1.4001755316687416
sooo,0.39615474740780526
soothes,0.4339263714507672
sophia,1.2392454555373127
sophie,0.17613030025235107
sorry,0.2114370531546291
soul,2.5821938500476107
souls,1.4379222581862776
sounds,0.34570694798036716
southeast,0.2407289308836292
southern,0.4644843303939542
sowore,0.5425876041046785
spain,1.0530939629839138
spare,0.4002704784216641
speaks,0.5928218185333132
special,2.0780756210001985
specialist,0.3279776350260502
spectacle,0.22568227486865758
speech,0.2529334166245959
speeches,0.28580038550128356
speechless,0.3178844869325181
speed,0.8535646855255794
spend,1.502508857426652
spending,0.24975757823995787
spent,0.3091667534312003
spies,0.2720360970795886
spirit,1.109634250035181
spiritual,3.1064988746533624
spiritually,0.4606881159776324
spoke,0.4151188167583406
spoken,0.2438013674593605
spokesman,0.25740046105846115
sportflow,0.4338866588662143
sports,0.9026623540135755
spotted,0.4153098984941319
spouses,0.3040247460409133
spread,0.2520799698303278
spreading,0.23854305127361616
square,2.031815755947679
sszn,0.40168454937259207
st,3.1055500594268706
stab,0.2284381922945404
stabbings,0.32771635281883715
stability,1.1279219869173747
stadium,0.39828308298657017
staff,0.4840861807944593
stages,0.22321624538323476
stalking,0.3388161104440546
stand,0.80481766769982
standing,0.3178844869325181
stands,0.24249497739232795
star,0.19914789647986197
stare,0.23469459987382896
starmer,1.8212373921430505
start,3.7014612527512574
started,2.9201635390779717
starting,0.8136884154454228
startling,0.2069676281341884
starts,1.1428825256137483
starvation,0.7766647431023652
starve,1.0904792453097856
starves,0.3505930303522866
starving,2.059882354004576
state,3.2488943957595176
states,1.876779086129713
station,0.48297950307010046
stations,0.2521900764961761
status,0.2313950116856674
stay,0.6140497639567988
staying,0.29653803485211616
stays,0.45944996005771077
steadfast,0.3813461721831039
step,0.7600623148440554
stepney,0.23806025341488443
steps,0.4460151347111956
still,1.5011415001221093
stoke,0.26441366424171914
stolen,0.34948115346532616
stomachs,0.5127171895008643
stones,0.4177390244991101
stood,0.28568810704600117
stop,2.0494772477035355
stoppage,0.3319692924638917
stopped,0.9444361061642983
store,0.34495799179920544
storm,0.2313950116856674
story,0.2209766040238891
stranger,0.2138999703989496
street,0.8874578991171277
streets,2.3171913455586957
strength,1.6086356513362436
strengthen,0.571555337976416
strengthening,0.7219300295623398
strip,0.830725021258726
strive,0.4713910651650567
strong,1.8209969215586668
stronger,0.7785082393538133
strongest,0.5875770560716023
struggle,0.2738356366721088
struggles,0.7332131232629298
struggling,1.0627809017100485
students,0.7910776125936322
stuff,0.29751045781158425
stuffed,0.20612426654536045
stunt,0.22362555532629494
style,0.2573789412416889
subdue,0.21365466920916584
subhan,0.41307812234928093
subhanallah,0.3091667534312003
subjects,0.2378446762372436
submit,0.23472115035138558
subscribe,0.2160296999677017
success,1.5478224680493442
successful,0.2823246317465527
successfully,0.23854305127361616
sucks,0.3159902777773215
suffered,0.2209766040238891
suffering,1.5122952852333604
suhoor,1.3246488679209871
suhour,0.2830490666494898
suhur,0.47383391250718876
sulayman,0.4653069939729767
suleiman,0.8241655412009152
sum,0.41372520224414533
summit,0.29404457970923903
sun,0.7622949575853579
sunday,0.7939375887079488
sunk,0.2319147985093886
sunnah,1.0492505314824219
sunrise,0.7268654453823251
sunroof,0.17613030025235107
sunset,1.7850274478092847
supercharge,0.274244121582194
superhuman,0.2571464839378181
supermarkets,0.46419548337072547
supplication,0.24535141135968083
supplications,0.660179394544769
supplies,0.22940904600393755
support,2.825084261555806
supported,0.2480975960500694
supporters,0.8028693373283786
supporting,0.8206499487302602
supremacist,0.23472115035138558
supreme,0.17613030025235107
surah,0.5115864250641851
surahs,0.4669471591181022
sure,0.5954000776582293
surely,0.25251089602640703
surprised,0.2544900641868439
surrendered,0.23472115035138558
surrounding,0.2370093912648143
survive,0.6239118497788618
sustain,0.37113247902269253
suv,0.2385875405304047
swedish,0.2829241759727834
sweet,0.8842035417050039
sweetness,0.24593831509312983
swords,0.2560637750513744
swt,0.5527467158976546
symbol,0.5288058797939059
sympathizers,0.2671272962125005
sync,1.1147358789603605
syria,1.2378496249719289
table,0.52267038381221
tables,0.29653803485211616
tableshaker,0.4523190535976777
tafseer,2.0080637103548806
tag,0.49643375856731725
tahajjud,0.7105232409261831
taipei,0.2780674256563369
taiwan,0.5232025100131427
take,3.384017012483535
taken,0.36840754214586374
takes,0.6178696539325748
taking,1.6751961702859917
talib,0.6501944325996369
taqwa,0.2530151178950663
taraw,0.341216464641868
taraweeh,4.473227186172432
tarawih,1.28057953585913
tasks,0.26029183698912195
tat,0.22282782332399273
tate,0.8696678944767481
taxpayer,0.3726968964208014
tea,0.24410664865852608
teach,0.2209766040238891
teaches,0.27414280664255264
teaching,0.4059196481016118
team,1.1988853871450278
teamwork,0.22052033241816368
tech,0.2831238289275825
teenager,0.2138999703989496
tefsir,0.43506984958644396
tell,1.717394136110582
telling,0.5732024527676398
tells,0.2284381922945404
templates,0.46075578134340284
temple,0.25242481938964284
temporal,0.2536042142277659
temporarily,0.23248304210302634
temporary,0.45530766599530204
temptations,0.25348628635724724
tempting,0.7455178298251046
ten,0.5076811820904116
tend,0.22044694248904095
tent,0.41416944371987424
tents,0.582593573865239
terminal,0.2827785046846285
terror,0.2671272962125005
terrorism,0.4458510314444254
terrorist,0.25952759796941444
terrorists,0.658838643201792
testimony,0.25396546933413633
testing,0.685024766531826
tf,0.34570694798036716
th,3.0662460803228484
thabatal,0.24431298527186715
thank,0.9349619450744557
thankful,0.5533219844537347
thanksgiving,0.20612426654536045
tharki,0.3375848169725998
thats,0.4575582868350294
thepromisedsaviour,0.3279776350260502
thing,0.2664146651656631
things,2.847786846317533
think,1.7934693620391575
thinking,1.4846300182157364
third,1.678980949763348
thirst,0.5318536730265129
thirsty,0.3610727434435889
thought,0.8538573314862148
thoughts,1.0422511779483083
thousand,0.267275527162969
thousands,0.8103537076009719
thread,6.510055817737015
threat,0.7154992971825733
threaten,0.2536042142277659
threatened,0.4986671344424489
threatens,0.6048756077411811
three,1.5380798412415067
threw,0.4177390244991101
thriving,0.2188634602602519
throughout,0.6760523153387064
throwback,0.8774996901872356
thumbs,0.45885032468044057
thursday,0.979227037138261
tier,0.2489688743972713
tightened,0.23469459987382896
tiktok,0.3703185045841615
till,0.2510087288454476
time,7.704512247253664
times,3.742887743047041
timings,0.2510087288454476
tinubu,1.8250196573873174
tips,0.6060814827979756
tired,1.148348338965526
tirmidhi,0.24794816966462527
tit,0.22282782332399273
titled,0.5935974103327691
today,4.308104979378487
together,1.3328802658690804
togetherness,0.34172200315413415
toilet,0.4409062494691502
token,0.2520799698303278
told,0.5233655411171345
tomorrow,2.1278956282346826
tonight,0.8413525960139427
took,0.8427056198690331
top,0.767842646069145
torture,0.21383670555774228
totaling,0.22495901542950328
touch,0.30270201471662256
touched,0.33693422959859765
toward,0.8965861698832635
towards,0.2163331473632883
tower,0.8306810920702496
town,0.2385875405304047
track,0.50050755681573
tracker,0.29156787628594794
trade,0.7483414227758337
trades,0.49380784422941926
trading,0.5195152091305466
tradition,0.6148394326131437
traditions,0.26660024001077326
trafford,0.3319692924638917
tragedy,0.3069835627753412
train,1.101917332078684
training,0.23420882122360076
trains,0.2138999703989496
traitor,0.6642239934773982
traitors,0.2843910654220557
tram,0.2293112026921121
tranquility,0.25957341190442096
trans,0.9225532541121426
transform,0.2572971617582852
transformation,0.24731221427846053
transformed,0.31212175974943185
translates,0.2708913606048732
translation,0.2506024764095253
transparent,0.3168921472885355
transport,0.50302951909533
travelers,0.24178904325731915
travelled,0.5782014564242121
travelling,0.3442636037452738
travels,0.3236799701241188
treason,0.4977837549228978
treat,0.3329379148579141
treated,0.3033918288892095
treatment,0.7363953984975283
trees,0.20612426654536045
trend,0.2571464839378181
trent,0.26441366424171914
trial,0.2353705811087763
trials,0.22052033241816368
tried,0.24178904325731915
trinity,0.24651411043806384
troubles,0.6052644926170759
troubling,0.22568227486865758
truck,0.22940904600393755
trucks,0.4646353828258204
trudeau,0.2801784969665349
true,1.9262037697737742
truly,1.0672418056099306
trump,0.8850983457642769
trust,0.23806025341488443
try,1.703804880408981
trying,0.5810115700645329
tryna,0.39402003731055435
ts,0.21988425565720338
tuesday,0.6957607615928674
tune,0.4622238549534049
turkey,0.6122197568145606
turks,0.355846307822624
turn,0.6270667013422638
turned,0.47357290816373854
turning,0.3657495746150755
tweet,0.6754555408731081
tweeting,0.28568810704600117
twice,0.2830490666494898
two,2.248026472787803
types,0.832478510682825
uae,1.398070613102265
uba,0.22495901542950328
uefa,0.4338866588662143
ufc,1.447215680153569
uhud,0.65597149060643
uk,3.800225818540096
ukip,0.48776479742183376
ukraine,0.4306065362288926
ukrainian,0.20850406329994584
ukrainians,0.2611333367548731
ul,0.2768351331491872
ultimate,0.7218040378616448
ultimately,0.2565256203402438
umm,0.24794816966462527
ummah,1.0676957338957398
umrah,2.3898304849784004
un,0.22993538353745382
unable,0.23469459987382896
unbearable,0.23469459987382896
unconstitutional,0.30238785434658727
uncontrollably,0.2514792167746557
underage,0.21988425565720338
underserved,0.22495901542950328
understand,0.5579197500602484
understood,0.34299006659731557
undertones,0.20907283474354071
unearthed,0.2069676281341884
uneducated,0.23248304210302634
unelected,0.30238785434658727
unemployed,0.7724537169407684
unforgettable,0.2780674256563369
unforgivable,0.2919190554642461
uniform,0.37784319046610626
union,0.29404457970923903
unique,0.2685630801876454
unisim,0.25860612425727847
united,1.0767274440790144
unity,0.5888013888938245
university,0.24722219756937763
unjust,0.20850406329994584
unknowingly,0.32582626246852914
unleash,0.22282782332399273
unless,0.2397766715185082
unlock,0.29115155704092505
unmarried,1.6507365216824172
unmotivated,0.6212787335983325
unrest,0.21799806111632347
unsanctioned,0.3858865268693321
unsettling,0.26505090498513945
unstoppable,0.5339073679347046
unwavering,0.2530151178950663
upcomin,0.2407289308836292
upcoming,1.1215753667161137
update,0.24040884984964236
uphold,0.22116189754114576
upholding,0.25492443198798515
upholstery,0.17613030025235107
uploaded,0.23434372583150764
upon,0.26649633856994964
ur,0.24593831509312983
urdu,0.2848565752000114
urge,0.22282782332399273
urgent,0.48287119741178736
uruq,0.24431298527186715
us,11.088577145437986
usdt,0.503735101345656
use,1.0632837560240833
used,1.0910051043526998
useful,0.6190305209752008
using,0.8453939273196144
usual,0.3855857084884731
utilise,0.23411412717805652
utrecht,0.2798091683655282
utter,0.24843188774914043
uyghur,0.4956924751584149
uyghurgenocide,0.25396546933413633
uyghurs,0.2720360970795886
vacation,0.2347352647178607
values,0.8001143802248033
various,0.2530151178950663
vatican,0.7001697826189477
ve,0.2573789412416889
vegas,0.4153098984941319
veins,0.5318536730265129
venom,0.38001025262478594
venus,0.22476017959807565
ver,0.44921836333728304
verily,0.39422557724897334
verse,1.0699965477286726
via,0.28957376825959735
vibes,1.6122270450221707
vice,0.23434372583150764
victims,0.2297303416494701
victories,0.25740046105846115
victory,0.3219349184508647
video,2.6772362445149906
videos,0.22044694248904095
view,0.7460097363312055
viewers,0.7712687136567948
viewing,0.2514792167746557
village,0.2947909482038741
vincent,0.3158013660691427
vindicated,0.24249497739232795
violation,0.4675925578440969
violence,0.21799806111632347
virginia,0.2831238289275825
virgins,0.26409632858781223
visa,0.19914789647986197
vision,0.20517059468065071
visionary,0.3163378834152896
visit,0.8228169794589346
visited,0.4572465131026501
visitlondon,0.26828397255236275
visitors,0.24040884984964236
visits,0.2529334166245959
vlog,0.2780674256563369
voice,0.8231536825189227
voluntary,0.6607421004059257
vote,0.3950419195274122
voting,0.3334877652202401
vs,1.8575509952031592
vulgar,0.22568227486865758
wa,0.24431298527186715
wabtallaatil,0.24431298527186715
wait,1.4068178568487086
waiting,0.7296282558713576
wake,0.4651795582452054
waking,0.24975757823995787
wales,0.2550616714859819
wali,0.20612426654536045
walikam,0.41388932252918226
walking,0.24132947939668956
walks,0.24721600274474528
wallahi,0.2488409937235753
wanna,0.6157593961278178
want,0.9840194719042958
wanted,0.5382328316279263
wants,0.6133039619471541
war,1.1221691402943381
warfare,0.28957376825959735
warm,0.2426911726067981
warmest,1.1047068562080025
warmly,0.2730535174604254
warmth,0.36840289508729984
warned,0.2313950116856674
warning,0.2602671673793154
warrior,0.3858865268693321
warriors,0.31212175974943185
washington,0.40156203327006657
wastage,0.24353741819821997
waste,0.32250157667691876
watch,1.326341764576047
watched,0.3091667534312003
watching,0.5473825903282916
water,1.9641750033490109
way,3.1244707368003057
ways,0.7118695476611396
weak,0.6008584238939
weaken,0.26325985899415383
weakness,0.28446070531862044
wealth,0.26568017265880045
wealthy,0.2347352647178607
weapon,0.24535141135968083
weaponized,0.28957376825959735
weaponizing,0.41577813312197126
wear,0.578290761943976
website,0.2741321882772402
wednesday,0.9115035401240548
week,2.273083040685405
weekend,0.534031388305529
weekly,0.2069676281341884
weeks,0.816292793204576
weeps,0.2514792167746557
weight,1.186889199300598
welcome,1.3490365472375947
welcomed,0.8065900072795977
well,1.55438784350394
wellness,0.24454926031480026
welsh,0.2550616714859819
went,0.6917856015340267
west,1.2178635622154097
western,1.4253197117092273
whatever,0.33244513310445334
whenever,0.6384736936733234
whether,0.5264495583665657
whilst,0.9629699157297242
white,0.6479345833302385
whitney,0.19914789647986197
whoa,0.24721600274474528
whoever,0.9932875335165825
whole,0.8260986513524298
whos,0.463591002513144
whose,0.3817994710380361
widely,0.2313950116856674
widespread,0.39487089391749264
wife,0.21988425565720338
wike,0.17613030025235107
wilds,0.2573789412416889
wili,0.2741321882772402
willingly,0.5429199466921405
wills,0.5318536730265129
win,1.355470715013232
windsor,5.915469925132347
winners,1.4023240702331148
wisdom,0.3090072546853061
wish,3.5484116464808912
wished,0.7895170495163547
wishes,2.1838340997729992
wishing,6.682556134061837
within,0.6498618509512278
without,3.5497871930364804
witness,0.7672507311612677
witnesses,0.7254541549431491
wives,0.26409632858781223
wltp,0.22849656868590407
woke,0.2528013183236543
woman,2.6027616883029268
women,2.527225804117565
wonder,0.25348628635724724
wonderful,1.111642556148512
wondering,0.25440081571489415
wont,0.2741321882772402
word,1.099758664988632
words,0.884859070293188
work,1.5712111220168437
workers,0.22116189754114576
working,1.4150710970826579
works,0.3234706446960289
world,8.69433642379387
worlds,0.268338718022807
worldwide,0.2685630801876454
worried,0.2910703410340458
worry,0.6434998489036443
worrying,0.9336856928376953
worse,0.27296121113157684
worship,1.9764296158791717
worshipers,0.25265247419742054
worshippers,0.8062357361874972
worth,0.22044694248904095
would,2.585292824357374
wow,0.3989376706314933
wrestled,0.3858865268693321
wright,0.19914789647986197
writer,0.24722219756937763
writes,0.26117470974307283
wrong,0.7962302098017207
xcheck,0.3168921472885355
xfam,0.36451592823123385
xmas,0.20612426654536045
xually,0.24178904325731915
ya,1.6429031719881255
yamal,0.6094222358130835
yan,0.3561816111234417
yaqeen,0.2848565752000114
yasser,0.25098464954715405
year,6.053776622149964
years,1.297236961184273
yen,0.7005318895289774
yes,1.3988215437941174
yesterday,0.7404378184332614
yet,1.195579986285642
yom,0.43284328362004754
york,0.9185655898454435
you,0.25957341190442096
young,1.5598890725755556
youth,0.2730535174604254
youtube,0.2848565752000114
yunis,0.4644843303939542
yunus,0.30238785434658727
zahra,0.2163331473632883
zakat,0.23806025341488443
zarafshan,0.24731221427846053
zardari,0.22116189754114576
zaria,0.2529334166245959
zayn,0.3858865268693321
zazzau,0.5669704233195704
zealand,0.3533673063984035
zelensky,0.6656380545524464
zumrat,0.25396546933413633
